-- MySQL dump 10.13  Distrib 5.5.56, for Linux (x86_64)
--
-- Host: localhost    Database: heroku_1851b5996a2f5dd
-- ------------------------------------------------------
-- Server version	5.5.56-log

/*!40101 SET @OLD_CHARACTER_SET_CLIENT=@@CHARACTER_SET_CLIENT */;
/*!40101 SET @OLD_CHARACTER_SET_RESULTS=@@CHARACTER_SET_RESULTS */;
/*!40101 SET @OLD_COLLATION_CONNECTION=@@COLLATION_CONNECTION */;
/*!40101 SET NAMES utf8 */;
/*!40103 SET @OLD_TIME_ZONE=@@TIME_ZONE */;
/*!40103 SET TIME_ZONE='+00:00' */;
/*!40014 SET @OLD_UNIQUE_CHECKS=@@UNIQUE_CHECKS, UNIQUE_CHECKS=0 */;
/*!40014 SET @OLD_FOREIGN_KEY_CHECKS=@@FOREIGN_KEY_CHECKS, FOREIGN_KEY_CHECKS=0 */;
/*!40101 SET @OLD_SQL_MODE=@@SQL_MODE, SQL_MODE='NO_AUTO_VALUE_ON_ZERO' */;
/*!40111 SET @OLD_SQL_NOTES=@@SQL_NOTES, SQL_NOTES=0 */;

--
-- Table structure for table `currency`
--

DROP TABLE IF EXISTS `currency`;
/*!40101 SET @saved_cs_client     = @@character_set_client */;
/*!40101 SET character_set_client = utf8 */;
CREATE TABLE `currency` (
  `id` int(11) NOT NULL AUTO_INCREMENT,
  `name` varchar(100) COLLATE utf8mb4_unicode_ci NOT NULL,
  `rate` int(11) NOT NULL,
  PRIMARY KEY (`id`)
) ENGINE=InnoDB AUTO_INCREMENT=5 DEFAULT CHARSET=utf8mb4 COLLATE=utf8mb4_unicode_ci;
/*!40101 SET character_set_client = @saved_cs_client */;

--
-- Dumping data for table `currency`
--

LOCK TABLES `currency` WRITE;
/*!40000 ALTER TABLE `currency` DISABLE KEYS */;
INSERT INTO `currency` VALUES (1,'USD',1),(2,'EUR',2),(3,'RUR',3),(4,'BTC',4);
/*!40000 ALTER TABLE `currency` ENABLE KEYS */;
UNLOCK TABLES;

--
-- Table structure for table `migration_versions`
--

DROP TABLE IF EXISTS `migration_versions`;
/*!40101 SET @saved_cs_client     = @@character_set_client */;
/*!40101 SET character_set_client = utf8 */;
CREATE TABLE `migration_versions` (
  `version` varchar(255) COLLATE utf8_unicode_ci NOT NULL,
  PRIMARY KEY (`version`)
) ENGINE=InnoDB DEFAULT CHARSET=utf8 COLLATE=utf8_unicode_ci;
/*!40101 SET character_set_client = @saved_cs_client */;

--
-- Dumping data for table `migration_versions`
--

LOCK TABLES `migration_versions` WRITE;
/*!40000 ALTER TABLE `migration_versions` DISABLE KEYS */;
INSERT INTO `migration_versions` VALUES ('20170306144345'),('20170330091042');
/*!40000 ALTER TABLE `migration_versions` ENABLE KEYS */;
UNLOCK TABLES;

--
-- Table structure for table `rate`
--

DROP TABLE IF EXISTS `rate`;
/*!40101 SET @saved_cs_client     = @@character_set_client */;
/*!40101 SET character_set_client = utf8 */;
CREATE TABLE `rate` (
  `id` int(11) NOT NULL AUTO_INCREMENT,
  `currency_id` int(11) NOT NULL,
  `buy_rate` double NOT NULL,
  `sale_rate` double NOT NULL,
  `creation_date` datetime NOT NULL,
  PRIMARY KEY (`id`)
) ENGINE=InnoDB AUTO_INCREMENT=11622 DEFAULT CHARSET=utf8mb4 COLLATE=utf8mb4_unicode_ci;
/*!40101 SET character_set_client = @saved_cs_client */;

--
-- Dumping data for table `rate`
--

LOCK TABLES `rate` WRITE;
/*!40000 ALTER TABLE `rate` DISABLE KEYS */;
INSERT INTO `rate` VALUES (1,1,2,27.24796,'2016-12-26 16:27:23'),(2,2,27.4,28.40909,'2016-12-26 16:27:23'),(3,3,0.42,0.455,'2016-12-26 16:27:23'),(4,4,859.832,950.3406,'2016-12-26 16:27:23'),(5,1,5,27.24796,'2016-12-26 16:28:06'),(6,2,27.4,28.40909,'2016-12-26 16:28:06'),(7,3,0.42,0.455,'2016-12-26 16:28:06'),(8,4,859.832,950.3406,'2016-12-26 16:28:06'),(9,1,9,27.24796,'2016-12-26 16:28:19'),(10,2,27.4,28.40909,'2016-12-26 16:28:19'),(11,3,0.42,0.455,'2016-12-26 16:28:19'),(12,4,859.832,950.3406,'2016-12-26 16:28:19'),(13,1,5,27.24796,'2016-12-27 08:38:36'),(14,2,27.4,28.40909,'2016-12-27 08:38:36'),(15,3,0.42,0.455,'2016-12-27 08:38:36'),(16,4,864.4704,955.4672,'2016-12-27 08:38:36'),(17,1,26.2,27.24796,'2016-12-27 10:53:55'),(18,2,27.4,28.40909,'2016-12-27 10:53:55'),(19,3,0.42,0.455,'2016-12-27 10:53:55'),(20,4,864.5155,955.5171,'2016-12-27 10:53:55'),(21,1,26.2,27.24796,'2016-12-27 10:54:57'),(22,2,27.4,28.40909,'2016-12-27 10:54:57'),(23,3,0.42,0.455,'2016-12-27 10:54:57'),(24,4,864.5155,955.5171,'2016-12-27 10:54:57'),(25,1,26.2,27.24796,'2016-12-27 10:56:26'),(26,2,27.4,28.40909,'2016-12-27 10:56:26'),(27,3,0.42,0.455,'2016-12-27 10:56:26'),(28,4,865.1734,956.2442,'2016-12-27 10:56:26'),(37,1,12,27.24796,'2016-12-27 11:24:45'),(38,2,27.4,28.40909,'2016-12-27 11:24:45'),(39,3,0.42,0.455,'2016-12-27 11:24:45'),(40,4,866.8584,958.1066,'2016-12-27 11:24:45'),(41,1,26.2,27.3224,'2016-12-27 14:06:13'),(42,2,27.4,28.57143,'2016-12-27 14:06:13'),(43,3,0.42,0.455,'2016-12-27 14:06:13'),(44,4,886.255,979.545,'2016-12-27 14:06:13'),(45,1,26.2,27.3224,'2016-12-27 15:54:43'),(46,2,27.4,28.57143,'2016-12-27 15:54:43'),(47,3,0.42,0.455,'2016-12-27 15:54:43'),(48,4,888.237,981.7356,'2016-12-27 15:54:43'),(49,1,26.2,27.3224,'2016-12-28 08:21:39'),(50,2,27.4,28.57143,'2016-12-28 08:21:39'),(51,3,0.42,0.455,'2016-12-28 08:21:39'),(52,4,905.711,1001.049,'2016-12-28 08:21:39'),(53,1,26.2,27.39726,'2016-12-28 09:42:11'),(54,2,27.4,28.73563,'2016-12-28 09:42:11'),(55,3,0.42,0.46,'2016-12-28 09:42:11'),(56,4,907.9305,1003.5021,'2016-12-28 09:42:11'),(57,1,26.2,27.39726,'2016-12-28 11:34:23'),(58,2,27.4,28.73563,'2016-12-28 11:34:23'),(59,3,0.42,0.46,'2016-12-28 11:34:23'),(60,4,905.5828,1000.9073,'2016-12-28 11:34:23'),(61,1,26.2,27.70083,'2016-12-29 10:36:17'),(62,2,27.2,28.98551,'2016-12-29 10:36:17'),(63,3,0.42,0.47001,'2016-12-29 10:36:17'),(64,4,924.9841,1022.3509,'2016-12-29 10:36:17'),(65,1,26.2,27.70083,'2016-12-29 15:07:06'),(66,2,27.2,28.98551,'2016-12-29 15:07:06'),(67,3,0.42,0.47001,'2016-12-29 15:07:06'),(68,4,919.0977,1015.8449,'2016-12-29 15:07:06'),(69,1,26.2,27.77778,'2016-12-30 07:56:21'),(70,2,27.2,29.23977,'2016-12-30 07:56:21'),(71,3,0.42,0.47001,'2016-12-30 07:56:21'),(72,4,900.2675,995.0325,'2016-12-30 07:56:21'),(73,1,26.2,27.77778,'2016-12-30 09:08:55'),(74,2,27.2,29.23977,'2016-12-30 09:08:55'),(75,3,0.42,0.47001,'2016-12-30 09:08:55'),(76,4,898.1253,992.6648,'2016-12-30 09:08:55'),(77,1,26.5,27.77778,'2016-12-30 10:21:01'),(78,2,27.5,29.23977,'2016-12-30 10:21:01'),(79,3,0.43,0.47001,'2016-12-30 10:21:01'),(80,4,884.6887,977.8139,'2016-12-30 10:21:01'),(81,1,26.5,27.77778,'2016-12-30 12:33:25'),(82,2,27.5,29.23977,'2016-12-30 12:33:25'),(83,3,0.43,0.47001,'2016-12-30 12:33:25'),(84,4,899.7344,994.4432,'2016-12-30 12:33:25'),(85,1,26.5,28.0112,'2016-12-30 15:10:03'),(86,2,27.5,29.5858,'2016-12-30 15:10:03'),(87,3,0.43,0.47001,'2016-12-30 15:10:03'),(88,4,901.6534,996.5642,'2016-12-30 15:10:03'),(89,1,26.5,28.0112,'2017-01-03 07:47:38'),(90,2,27.5,29.5858,'2017-01-03 07:47:38'),(91,3,0.43,0.47001,'2017-01-03 07:47:38'),(92,1,26.5,28.0112,'2017-01-03 09:03:10'),(93,2,27.5,29.32551,'2017-01-03 09:03:10'),(94,3,0.436,0.47001,'2017-01-03 09:03:10'),(95,1,26.5,28.0112,'2017-01-03 10:10:09'),(96,2,27.5,29.32551,'2017-01-03 10:10:09'),(97,3,0.436,0.47001,'2017-01-03 10:10:09'),(98,1,26.5,28.0112,'2017-01-03 11:15:05'),(99,2,27.5,29.32551,'2017-01-03 11:15:05'),(100,3,0.436,0.47001,'2017-01-03 11:15:05'),(101,1,26.7,27.85515,'2017-01-05 08:28:32'),(102,2,28.1,29.32551,'2017-01-05 08:28:32'),(103,3,0.43,0.46,'2017-01-05 08:28:32'),(104,1,26.7,27.85515,'2017-01-05 11:23:59'),(105,2,28.1,29.32551,'2017-01-05 11:23:59'),(106,3,0.43,0.46,'2017-01-05 11:23:59'),(107,1,26.7,27.85515,'2017-01-05 14:09:19'),(108,2,28.1,29.32551,'2017-01-05 14:09:19'),(109,3,0.43,0.46,'2017-01-05 14:09:19'),(110,4,903.0475,998.1051,'2017-01-05 14:09:19'),(111,1,26.7,27.85515,'2017-01-05 15:26:03'),(112,2,28.1,29.32551,'2017-01-05 15:26:03'),(113,3,0.43,0.47501,'2017-01-05 15:26:03'),(114,4,907.7714,1003.3262,'2017-01-05 15:26:03'),(115,1,26.7,27.85515,'2017-01-05 16:26:13'),(116,2,28.1,29.5858,'2017-01-05 16:26:13'),(117,3,0.43,0.47501,'2017-01-05 16:26:13'),(118,4,936.1716,1034.716,'2017-01-05 16:26:13'),(119,1,26.7,27.85515,'2017-01-06 08:16:26'),(120,2,28.1,29.5858,'2017-01-06 08:16:26'),(121,3,0.43,0.47501,'2017-01-06 08:16:26'),(122,4,909.4421,1005.1729,'2017-01-06 08:16:26'),(123,1,26.7,27.85515,'2017-01-06 10:40:27'),(124,2,28.1,29.5858,'2017-01-06 10:40:27'),(125,3,0.43,0.47501,'2017-01-06 10:40:27'),(126,4,885.2112,978.3914,'2017-01-06 10:40:27'),(127,1,26.9,28.0112,'2017-01-06 11:51:35'),(128,2,28.3,29.67359,'2017-01-06 11:51:35'),(129,3,0.44,0.48001,'2017-01-06 11:51:35'),(130,4,831.2299,918.7277,'2017-01-06 11:51:35'),(131,1,26.9,28.0112,'2017-01-06 12:52:01'),(132,2,28.3,29.67359,'2017-01-06 12:52:01'),(133,3,0.44,0.48001,'2017-01-06 12:52:01'),(134,4,842.0147,930.6479,'2017-01-06 12:52:01'),(135,1,26.9,28.08989,'2017-01-10 09:07:07'),(136,2,28.5,29.7619,'2017-01-10 09:07:07'),(137,3,0.445,0.48001,'2017-01-10 09:07:07'),(138,4,861.2154,951.8696,'2017-01-10 09:07:07'),(139,1,26.9,28.08989,'2017-01-10 10:21:27'),(140,2,28.5,29.7619,'2017-01-10 10:21:27'),(141,3,0.445,0.48001,'2017-01-10 10:21:27'),(142,4,867.6837,959.0189,'2017-01-10 10:21:27'),(143,1,26.9,28.08989,'2017-01-10 11:57:01'),(144,2,28.5,29.7619,'2017-01-10 11:57:01'),(145,3,0.445,0.48001,'2017-01-10 11:57:01'),(146,4,859.5541,950.0335,'2017-01-10 11:57:01'),(147,1,26.9,28.08989,'2017-01-10 12:57:43'),(148,2,28.5,29.7619,'2017-01-10 12:57:43'),(149,3,0.445,0.48001,'2017-01-10 12:57:43'),(150,4,861.9267,952.6559,'2017-01-10 12:57:43'),(151,1,26.9,28.08989,'2017-01-10 14:16:00'),(152,2,28.5,29.7619,'2017-01-10 14:16:00'),(153,3,0.445,0.48001,'2017-01-10 14:16:00'),(154,4,861.5824,952.2752,'2017-01-10 14:16:00'),(155,1,26.9,28.08989,'2017-01-11 07:43:30'),(156,2,28.5,29.7619,'2017-01-11 07:43:30'),(157,3,0.445,0.48001,'2017-01-11 07:43:30'),(158,4,869.1313,960.6188,'2017-01-11 07:43:30'),(159,1,27,28.24859,'2017-01-11 09:00:29'),(160,2,28.5,29.85075,'2017-01-11 09:00:29'),(161,3,0.445,0.48001,'2017-01-11 09:00:29'),(162,4,869.4614,960.9836,'2017-01-11 09:00:29'),(163,1,27,28.24859,'2017-01-11 11:25:35'),(164,2,28.5,29.85075,'2017-01-11 11:25:35'),(165,3,0.445,0.48001,'2017-01-11 11:25:35'),(166,4,798.7137,882.7889,'2017-01-11 11:25:35'),(167,1,27,28.24859,'2017-01-11 13:10:09'),(168,2,28.5,29.85075,'2017-01-11 13:10:09'),(169,3,0.445,0.48001,'2017-01-11 13:10:09'),(170,4,752.0556,831.2194,'2017-01-11 13:10:09'),(171,1,27,28.24859,'2017-01-11 14:20:44'),(172,2,28.5,29.85075,'2017-01-11 14:20:44'),(173,3,0.445,0.48001,'2017-01-11 14:20:44'),(174,4,762.9914,843.3062,'2017-01-11 14:20:44'),(175,1,27,28.49003,'2017-01-11 16:24:40'),(176,2,28.5,29.94012,'2017-01-11 16:24:40'),(177,3,0.445,0.48001,'2017-01-11 16:24:40'),(178,4,757.3851,837.1099,'2017-01-11 16:24:40'),(179,1,27,29.15452,'2017-01-13 13:49:20'),(180,2,29,31.0559,'2017-01-13 13:49:20'),(181,3,0.45,0.5,'2017-01-13 13:49:20'),(182,4,760.7114,840.7862,'2017-01-13 13:49:20'),(183,1,27,29.15452,'2017-01-16 10:33:57'),(184,2,29,31.0559,'2017-01-16 10:33:57'),(185,3,0.45,0.5,'2017-01-16 10:33:57'),(186,4,786.7556,869.572,'2017-01-16 10:33:57'),(187,1,27.5,29.15452,'2017-01-17 13:21:32'),(188,2,29.2,31.0559,'2017-01-17 13:21:32'),(189,3,0.46,0.49,'2017-01-17 13:21:32'),(190,4,839.3939,927.7511,'2017-01-17 13:21:32'),(191,1,27.5,29.15452,'2017-01-17 15:15:36'),(192,2,29.2,31.0559,'2017-01-17 15:15:36'),(193,3,0.46,0.49,'2017-01-17 15:15:36'),(194,4,838.4522,926.7104,'2017-01-17 15:15:36'),(195,1,27.5,28.90173,'2017-01-18 08:41:56'),(196,2,29.3,30.95975,'2017-01-18 08:41:56'),(197,3,0.45,0.49,'2017-01-18 08:41:56'),(198,4,850.0517,939.5309,'2017-01-18 08:41:56'),(199,1,27.5,28.90173,'2017-01-19 13:09:32'),(200,2,29.3,30.95975,'2017-01-19 13:09:32'),(201,3,0.45,0.49,'2017-01-19 13:09:32'),(202,4,845.4965,934.4961,'2017-01-19 13:09:32'),(203,1,27.5,28.90173,'2017-01-19 14:10:09'),(204,2,29.3,30.95975,'2017-01-19 14:10:09'),(205,3,0.45,0.49,'2017-01-19 14:10:09'),(206,4,847.0366,936.1984,'2017-01-19 14:10:09'),(207,1,27.5,28.90173,'2017-01-19 15:25:47'),(208,2,29.3,30.95975,'2017-01-19 15:25:47'),(209,3,0.45,0.49,'2017-01-19 15:25:47'),(210,4,847.4095,936.6105,'2017-01-19 15:25:47'),(211,1,27.5,28.90173,'2017-01-20 09:07:29'),(212,2,29.3,30.95975,'2017-01-20 09:07:29'),(213,3,0.46,0.49,'2017-01-20 09:07:29'),(214,4,846.6555,935.7771,'2017-01-20 09:07:29'),(215,1,27.5,28.90173,'2017-01-20 10:45:27'),(216,2,29.3,30.95975,'2017-01-20 10:45:27'),(217,3,0.46,0.49,'2017-01-20 10:45:27'),(218,4,842.118,930.762,'2017-01-20 10:45:27'),(219,1,27.2,28.73563,'2017-01-23 12:02:03'),(220,2,29.1,30.8642,'2017-01-23 12:02:03'),(221,3,0.455,0.49,'2017-01-23 12:02:03'),(222,4,876.8322,969.1304,'2017-01-23 12:02:03'),(223,1,27.2,28.73563,'2017-01-23 13:23:29'),(224,2,29.1,30.8642,'2017-01-23 13:23:29'),(225,3,0.455,0.49,'2017-01-23 13:23:29'),(226,4,876.2634,968.5016,'2017-01-23 13:23:29'),(227,1,27.2,28.73563,'2017-01-23 15:17:23'),(228,2,29.1,30.8642,'2017-01-23 15:17:23'),(229,3,0.455,0.49,'2017-01-23 15:17:23'),(230,4,880.2486,972.9064,'2017-01-23 15:17:23'),(231,1,27.2,28.73563,'2017-01-23 16:23:46'),(232,2,29.1,30.8642,'2017-01-23 16:23:46'),(233,3,0.45,0.49,'2017-01-23 16:23:46'),(234,4,870.3734,961.9916,'2017-01-23 16:23:46'),(235,1,27.2,28.73563,'2017-01-24 07:57:01'),(236,2,29.1,30.8642,'2017-01-24 07:57:01'),(237,3,0.45,0.49,'2017-01-24 07:57:01'),(238,4,871.1536,962.854,'2017-01-24 07:57:01'),(239,1,27.2,28.73563,'2017-01-24 09:38:04'),(240,2,29.1,30.8642,'2017-01-24 09:38:04'),(241,3,0.45,0.49,'2017-01-24 09:38:04'),(242,4,870.8235,962.4891,'2017-01-24 09:38:04'),(243,1,27.2,28.73563,'2017-01-24 13:19:23'),(244,2,29.1,30.8642,'2017-01-24 13:19:23'),(245,3,0.45,0.49,'2017-01-24 13:19:23'),(246,4,861.1762,951.8264,'2017-01-24 13:19:23'),(247,1,27,28.73563,'2017-01-26 14:10:17'),(248,2,29,30.8642,'2017-01-26 14:10:17'),(249,3,0.44,0.48001,'2017-01-26 14:10:17'),(250,4,863.9229,954.8621,'2017-01-26 14:10:17'),(251,1,27,28.73563,'2017-01-26 15:20:01'),(252,2,29,30.8642,'2017-01-26 15:20:01'),(253,3,0.44,0.48001,'2017-01-26 15:20:01'),(254,4,868.3119,959.7131,'2017-01-26 15:20:01'),(255,1,27,28.57143,'2017-01-27 10:53:08'),(256,2,28.8,30.4878,'2017-01-27 10:53:08'),(257,3,0.44,0.49,'2017-01-27 10:53:08'),(258,4,871.6416,963.3934,'2017-01-27 10:53:08'),(259,1,27,28.57143,'2017-01-27 12:19:38'),(260,2,28.8,30.4878,'2017-01-27 12:19:38'),(261,3,0.44,0.49,'2017-01-27 12:19:38'),(262,4,872.6439,964.5011,'2017-01-27 12:19:38'),(263,1,27,28.57143,'2017-01-27 13:32:56'),(264,2,28.8,30.4878,'2017-01-27 13:32:56'),(265,3,0.44,0.49,'2017-01-27 13:32:56'),(266,4,871.8839,963.6611,'2017-01-27 13:32:56'),(267,1,27,28.57143,'2017-01-27 14:43:14'),(268,2,28.8,30.4878,'2017-01-27 14:43:14'),(269,3,0.44,0.49,'2017-01-27 14:43:14'),(270,4,872.0727,963.8699,'2017-01-27 14:43:14'),(271,1,27,28.32861,'2017-01-30 09:05:25'),(272,2,28.9,30.30303,'2017-01-30 09:05:25'),(273,3,0.44,0.48001,'2017-01-30 09:05:25'),(274,4,869.9815,961.5585,'2017-01-30 09:05:25'),(275,1,27,28.32861,'2017-01-30 12:50:07'),(276,2,28.9,30.30303,'2017-01-30 12:50:07'),(277,3,0.44,0.48001,'2017-01-30 12:50:07'),(278,4,871.5502,963.2924,'2017-01-30 12:50:07'),(279,1,27,28.32861,'2017-01-30 15:06:32'),(280,2,28.9,30.30303,'2017-01-30 15:06:32'),(281,3,0.44,0.48001,'2017-01-30 15:06:32'),(282,4,873.588,965.5446,'2017-01-30 15:06:32'),(283,1,26.8,28.0112,'2017-01-31 13:54:50'),(284,2,28.6,30.03003,'2017-01-31 13:54:50'),(285,3,0.435,0.47001,'2017-01-31 13:54:50'),(286,4,906.9544,1002.4232,'2017-01-31 13:54:50'),(287,1,26.8,28.0112,'2017-01-31 14:54:54'),(288,2,28.6,30.03003,'2017-01-31 14:54:54'),(289,3,0.435,0.47001,'2017-01-31 14:54:54'),(290,4,906.4746,1001.893,'2017-01-31 14:54:54'),(291,1,26.8,28.0112,'2017-02-01 08:39:37'),(292,2,28.9,30.30303,'2017-02-01 08:39:37'),(293,3,0.435,0.47001,'2017-02-01 08:39:37'),(294,4,926.6823,1024.2278,'2017-02-01 08:39:37'),(295,1,26.8,28.0112,'2017-02-01 11:44:23'),(296,2,28.9,30.30303,'2017-02-01 11:44:23'),(297,3,0.435,0.47001,'2017-02-01 11:44:23'),(298,4,921.0072,1017.9554,'2017-02-01 11:44:23'),(299,1,26.8,28.0112,'2017-02-01 13:01:16'),(300,2,28.9,30.30303,'2017-02-01 13:01:16'),(301,3,0.435,0.47001,'2017-02-01 13:01:16'),(302,4,916.465,1012.935,'2017-02-01 13:01:16'),(303,1,26.8,28.0112,'2017-02-01 15:26:06'),(304,2,28.9,30.30303,'2017-02-01 15:26:06'),(305,3,0.435,0.47001,'2017-02-01 15:26:06'),(306,4,920.5524,1017.4526,'2017-02-01 15:26:06'),(307,1,26.8,28.0112,'2017-02-02 07:54:03'),(308,2,28.9,30.30303,'2017-02-02 07:54:03'),(309,3,0.435,0.47001,'2017-02-02 07:54:03'),(310,4,938.0835,1036.8291,'2017-02-02 07:54:03'),(311,1,26.7,28.0112,'2017-02-02 09:26:13'),(312,2,28.8,30.30303,'2017-02-02 09:26:13'),(313,3,0.435,0.47001,'2017-02-02 09:26:13'),(314,4,940.2031,1039.1719,'2017-02-02 09:26:13'),(315,1,26.7,28.0112,'2017-02-02 11:40:11'),(316,2,28.8,30.30303,'2017-02-02 11:40:11'),(317,3,0.435,0.47001,'2017-02-02 11:40:11'),(318,4,942.7895,1042.0305,'2017-02-02 11:40:11'),(319,1,26.7,28.0112,'2017-02-02 15:31:59'),(320,2,28.8,30.30303,'2017-02-02 15:31:59'),(321,3,0.435,0.47001,'2017-02-02 15:31:59'),(322,4,944.4817,1043.9009,'2017-02-02 15:31:59'),(323,1,27.3,28.0112,'2017-02-03 11:31:33'),(324,2,29.4,30.12048,'2017-02-03 11:31:33'),(325,3,0.445,0.48001,'2017-02-03 11:31:33'),(326,1,27.3,28.0112,'2017-02-03 15:03:47'),(327,2,29.4,30.12048,'2017-02-03 15:03:47'),(328,3,0.445,0.48001,'2017-02-03 15:03:47'),(329,1,27.3,28.0112,'2017-02-03 16:14:03'),(330,2,29.4,30.12048,'2017-02-03 16:14:03'),(331,3,0.445,0.48001,'2017-02-03 16:14:03'),(332,1,27.3,28.0112,'2017-02-06 07:57:06'),(333,2,29.4,30.12048,'2017-02-06 07:57:06'),(334,3,0.445,0.48001,'2017-02-06 07:57:06'),(335,1,27.3,28.0112,'2017-02-06 14:12:50'),(336,2,29.4,30.12048,'2017-02-06 14:12:50'),(337,3,0.45,0.49,'2017-02-06 14:12:50'),(338,1,27.3,28.0112,'2017-02-06 15:19:14'),(339,2,29.4,30.12048,'2017-02-06 15:19:14'),(340,3,0.45,0.49,'2017-02-06 15:19:14'),(341,1,27.3,28.0112,'2017-02-08 09:38:53'),(342,2,29.2,30.12048,'2017-02-08 09:38:53'),(343,3,0.44,0.49,'2017-02-08 09:38:53'),(344,1,27.3,28.0112,'2017-02-08 16:26:15'),(345,2,29.2,30.12048,'2017-02-08 16:26:15'),(346,3,0.44,0.49,'2017-02-08 16:26:15'),(347,1,27.3,28.0112,'2017-02-09 12:14:34'),(348,2,29.2,30.12048,'2017-02-09 12:14:34'),(349,3,0.45,0.49,'2017-02-09 12:14:34'),(350,1,27.3,27.70083,'2017-02-13 08:22:21'),(351,2,29,29.49853,'2017-02-13 08:22:21'),(352,3,0.46,0.49,'2017-02-13 08:22:21'),(353,1,27.2,27.62431,'2017-02-14 15:48:25'),(354,2,28.8,29.32551,'2017-02-14 15:48:25'),(355,3,0.46,0.49,'2017-02-14 15:48:25'),(356,1,27.15,27.62431,'2017-02-15 08:22:33'),(357,2,28.7,29.32551,'2017-02-15 08:22:33'),(358,3,0.465,0.49,'2017-02-15 08:22:33'),(359,1,27.15,27.62431,'2017-02-15 13:25:23'),(360,2,28.7,29.32551,'2017-02-15 13:25:23'),(361,3,0.465,0.49,'2017-02-15 13:25:23'),(362,1,27.1,27.47253,'2017-02-20 15:48:37'),(363,2,28.8,29.23977,'2017-02-20 15:48:37'),(364,3,0.46,0.49,'2017-02-20 15:48:37'),(365,1,27.1,27.47253,'2017-02-21 09:19:12'),(366,2,28.7,29.15452,'2017-02-21 09:19:12'),(367,3,0.46,0.49,'2017-02-21 09:19:12'),(368,1,27.1,27.47253,'2017-02-21 10:28:27'),(369,2,28.6,29.06977,'2017-02-21 10:28:27'),(370,3,0.46,0.49,'2017-02-21 10:28:27'),(371,1,26.97,27.39726,'2017-02-23 07:54:05'),(372,2,28.4,28.81844,'2017-02-23 07:54:05'),(373,3,0.458,0.49,'2017-02-23 07:54:05'),(374,1,26.97,27.39726,'2017-02-23 13:18:28'),(375,2,28.4,28.81844,'2017-02-23 13:18:28'),(376,3,0.458,0.49,'2017-02-23 13:18:28'),(377,1,26.8,27.24796,'2017-03-10 09:14:54'),(378,2,28.3,28.81844,'2017-03-10 09:14:54'),(379,3,0.445,0.49,'2017-03-10 09:14:54'),(380,1,26.8,27.24796,'2017-03-10 10:36:51'),(381,2,28.3,28.81844,'2017-03-10 10:36:51'),(382,3,0.445,0.49,'2017-03-10 10:36:51'),(383,1,26.8,27.24796,'2017-03-10 12:24:46'),(384,2,28.3,28.81844,'2017-03-10 12:24:46'),(385,3,0.445,0.49,'2017-03-10 12:24:46'),(386,1,26.9,27.3224,'2017-03-20 10:16:29'),(387,2,28.8,29.41176,'2017-03-20 10:16:29'),(388,3,0.44,0.5,'2017-03-20 10:16:29'),(389,1,26.9,27.3224,'2017-03-20 15:11:06'),(390,2,28.8,29.41176,'2017-03-20 15:11:06'),(391,3,0.44,0.5,'2017-03-20 15:11:06'),(392,1,26.9,27.3224,'2017-03-20 16:20:55'),(393,2,28.8,29.41176,'2017-03-20 16:20:55'),(394,3,0.44,0.5,'2017-03-20 16:20:55'),(395,1,26.9,27.3224,'2017-03-21 07:43:24'),(396,2,28.85,29.32551,'2017-03-21 07:43:24'),(397,3,0.44,0.5,'2017-03-21 07:43:24'),(398,1,26.85,27.3224,'2017-03-21 10:21:24'),(399,2,28.85,29.32551,'2017-03-21 10:21:24'),(400,3,0.44,0.5,'2017-03-21 10:21:24'),(401,1,26.85,27.3224,'2017-03-21 11:32:37'),(402,2,28.85,29.32551,'2017-03-21 11:32:37'),(403,3,0.44,0.5,'2017-03-21 11:32:37'),(404,1,26.85,27.3224,'2017-03-21 12:57:39'),(405,2,28.85,29.32551,'2017-03-21 12:57:39'),(406,3,0.44,0.5,'2017-03-21 12:57:39'),(407,1,26.85,27.3224,'2017-03-21 13:03:20'),(408,2,28.85,29.32551,'2017-03-21 13:03:20'),(409,3,0.44,0.5,'2017-03-21 13:03:20'),(410,4,1086.71,1088,'2017-03-21 13:03:20'),(411,1,26.85,27.24796,'2017-03-21 14:38:07'),(412,2,28.85,29.32551,'2017-03-21 14:38:07'),(413,3,0.44,0.5,'2017-03-21 14:38:07'),(414,4,1086.23,1086.89,'2017-03-21 14:38:07'),(415,1,26.85,27.24796,'2017-03-22 07:38:33'),(416,2,28.85,29.32551,'2017-03-22 07:38:33'),(417,3,0.44,0.5,'2017-03-22 07:38:33'),(418,4,1086,1086.29,'2017-03-22 07:38:33'),(419,1,26.85,27.24796,'2017-03-22 08:40:37'),(420,2,28.85,29.41176,'2017-03-22 08:40:37'),(421,3,0.44,0.5,'2017-03-22 08:40:37'),(422,4,1072.47,1073.01,'2017-03-22 08:40:37'),(787,4,417.8,417.8,'2016-03-23 00:00:00'),(788,4,416.47,416.47,'2016-03-24 00:00:00'),(789,4,416.44,416.44,'2016-03-25 00:00:00'),(790,4,415.71,415.71,'2016-03-26 00:00:00'),(791,4,426.8,426.8,'2016-03-27 00:00:00'),(792,4,422.96,422.96,'2016-03-28 00:00:00'),(793,4,414,414,'2016-03-29 00:00:00'),(794,4,412.35,412.35,'2016-03-30 00:00:00'),(795,4,416.94,416.94,'2016-03-31 00:00:00'),(796,4,416.25,416.25,'2016-04-01 00:00:00'),(797,4,418.07,418.07,'2016-04-02 00:00:00'),(798,4,418.07,418.07,'2016-04-03 00:00:00'),(799,4,418.99,418.99,'2016-04-04 00:00:00'),(800,4,421.77,421.77,'2016-04-05 00:00:00'),(801,4,421.09,421.09,'2016-04-06 00:00:00'),(802,4,420.33,420.33,'2016-04-07 00:00:00'),(803,4,422.2,422.2,'2016-04-08 00:00:00'),(804,4,417.73,417.73,'2016-04-09 00:00:00'),(805,4,421.63,421.63,'2016-04-10 00:00:00'),(806,4,420.69,420.69,'2016-04-11 00:00:00'),(807,4,425.89,425.89,'2016-04-12 00:00:00'),(808,4,424.61,424.61,'2016-04-13 00:00:00'),(809,4,423.76,423.76,'2016-04-14 00:00:00'),(810,4,429.09,429.09,'2016-04-15 00:00:00'),(811,4,429.43,429.43,'2016-04-16 00:00:00'),(812,4,425.71,425.71,'2016-04-17 00:00:00'),(813,4,427.28,427.28,'2016-04-18 00:00:00'),(814,4,435.91,435.91,'2016-04-19 00:00:00'),(815,4,442.34,442.34,'2016-04-20 00:00:00'),(816,4,451,451,'2016-04-21 00:00:00'),(817,4,447.25,447.25,'2016-04-22 00:00:00'),(818,4,451.29,451.29,'2016-04-23 00:00:00'),(819,4,459.4,459.4,'2016-04-24 00:00:00'),(820,4,463.86,463.86,'2016-04-25 00:00:00'),(821,4,467.98,467.98,'2016-04-26 00:00:00'),(822,4,447.31,447.31,'2016-04-27 00:00:00'),(823,4,450,450,'2016-04-28 00:00:00'),(824,4,456.16,456.16,'2016-04-29 00:00:00'),(825,4,447.17,447.17,'2016-04-30 00:00:00'),(826,4,451.9,451.9,'2016-05-01 00:00:00'),(827,4,443.9,443.9,'2016-05-02 00:00:00'),(828,4,450.96,450.96,'2016-05-03 00:00:00'),(829,4,447.37,447.37,'2016-05-04 00:00:00'),(830,4,448.51,448.51,'2016-05-05 00:00:00'),(831,4,460.91,460.91,'2016-05-06 00:00:00'),(832,4,459.04,459.04,'2016-05-07 00:00:00'),(833,4,457.82,457.82,'2016-05-08 00:00:00'),(834,4,461.63,461.63,'2016-05-09 00:00:00'),(835,4,450,450,'2016-05-10 00:00:00'),(836,4,452.51,452.51,'2016-05-11 00:00:00'),(837,4,454.7,454.7,'2016-05-12 00:00:00'),(838,4,456.82,456.82,'2016-05-13 00:00:00'),(839,4,455.65,455.65,'2016-05-14 00:00:00'),(840,4,457.08,457.08,'2016-05-15 00:00:00'),(841,4,454.88,454.88,'2016-05-16 00:00:00'),(842,4,452.89,452.89,'2016-05-17 00:00:00'),(843,4,452.9,452.9,'2016-05-18 00:00:00'),(844,4,441.87,441.87,'2016-05-19 00:00:00'),(845,4,441.25,441.25,'2016-05-20 00:00:00'),(846,4,443.89,443.89,'2016-05-21 00:00:00'),(847,4,438,438,'2016-05-22 00:00:00'),(848,4,442.17,442.17,'2016-05-23 00:00:00'),(849,4,445.34,445.34,'2016-05-24 00:00:00'),(850,4,447.94,447.94,'2016-05-25 00:00:00'),(851,4,452.49,452.49,'2016-05-26 00:00:00'),(852,4,470.29,470.29,'2016-05-27 00:00:00'),(853,4,522.43,522.43,'2016-05-28 00:00:00'),(854,4,512.16,512.16,'2016-05-29 00:00:00'),(855,4,525.15,525.15,'2016-05-30 00:00:00'),(856,4,531.15,531.15,'2016-05-31 00:00:00'),(857,4,539.47,539.47,'2016-06-01 00:00:00'),(858,4,539.99,539.99,'2016-06-02 00:00:00'),(859,4,568,568,'2016-06-03 00:00:00'),(860,4,573.74,573.74,'2016-06-04 00:00:00'),(861,4,574.02,574.02,'2016-06-05 00:00:00'),(862,4,584.5,584.5,'2016-06-06 00:00:00'),(863,4,577.54,577.54,'2016-06-07 00:00:00'),(864,4,578.68,578.68,'2016-06-08 00:00:00'),(865,4,575.2941375,575.2941375,'2016-06-09 00:00:00'),(866,4,577.549875,577.549875,'2016-06-10 00:00:00'),(867,4,594.4399875,594.4399875,'2016-06-11 00:00:00'),(868,4,664.8465,664.8465,'2016-06-12 00:00:00'),(869,4,702.0665,702.0665,'2016-06-13 00:00:00'),(870,4,685.241875,685.241875,'2016-06-14 00:00:00'),(871,4,692.289625,692.289625,'2016-06-15 00:00:00'),(872,4,762.43005,762.43005,'2016-06-16 00:00:00'),(873,4,743.9164,743.9164,'2016-06-17 00:00:00'),(874,4,754.36625,754.36625,'2016-06-18 00:00:00'),(875,4,760.8168,760.8168,'2016-06-19 00:00:00'),(876,4,729.19258571429,729.19258571429,'2016-06-20 00:00:00'),(877,4,665.9586125,665.9586125,'2016-06-21 00:00:00'),(878,4,587.4542375,587.4542375,'2016-06-22 00:00:00'),(879,4,624.542,624.542,'2016-06-23 00:00:00'),(880,4,660.60465,660.60465,'2016-06-24 00:00:00'),(881,4,664.9068875,664.9068875,'2016-06-25 00:00:00'),(882,4,627.3926125,627.3926125,'2016-06-26 00:00:00'),(883,4,646.7030125,646.7030125,'2016-06-27 00:00:00'),(884,4,646.378475,646.378475,'2016-06-28 00:00:00'),(885,4,637.959625,637.959625,'2016-06-29 00:00:00'),(886,4,671.407925,671.407925,'2016-06-30 00:00:00'),(887,4,675.1863375,675.1863375,'2016-07-01 00:00:00'),(888,4,701.7121125,701.7121125,'2016-07-02 00:00:00'),(889,4,658.4175,658.4175,'2016-07-03 00:00:00'),(890,4,676.3294375,676.3294375,'2016-07-04 00:00:00'),(891,4,666.4855875,666.4855875,'2016-07-05 00:00:00'),(892,4,673.786825,673.786825,'2016-07-06 00:00:00'),(893,4,636.3588625,636.3588625,'2016-07-07 00:00:00'),(894,4,659.5552375,659.5552375,'2016-07-08 00:00:00'),(895,4,651.8649125,651.8649125,'2016-07-09 00:00:00'),(896,4,648.0949,648.0949,'2016-07-10 00:00:00'),(897,4,647.9837,647.9837,'2016-07-11 00:00:00'),(898,4,672.7653125,672.7653125,'2016-07-12 00:00:00'),(899,4,657.4524875,657.4524875,'2016-07-13 00:00:00'),(900,4,658.8316125,658.8316125,'2016-07-14 00:00:00'),(901,4,664.57145,664.57145,'2016-07-15 00:00:00'),(902,4,662.15335,662.15335,'2016-07-16 00:00:00'),(903,4,675.45905,675.45905,'2016-07-17 00:00:00'),(904,4,673.2056375,673.2056375,'2016-07-18 00:00:00'),(905,4,672.8432,672.8432,'2016-07-19 00:00:00'),(906,4,665.643125,665.643125,'2016-07-20 00:00:00'),(907,4,664.882075,664.882075,'2016-07-21 00:00:00'),(908,4,651.5813625,651.5813625,'2016-07-22 00:00:00'),(909,4,655.8469125,655.8469125,'2016-07-23 00:00:00'),(910,4,661.4130125,661.4130125,'2016-07-24 00:00:00'),(911,4,654.69545,654.69545,'2016-07-25 00:00:00'),(912,4,655.0654625,655.0654625,'2016-07-26 00:00:00'),(913,4,654.9810375,654.9810375,'2016-07-27 00:00:00'),(914,4,655.32875,655.32875,'2016-07-28 00:00:00'),(915,4,656.8876125,656.8876125,'2016-07-29 00:00:00'),(916,4,654.7369625,654.7369625,'2016-07-30 00:00:00'),(917,4,628.015375,628.015375,'2016-07-31 00:00:00'),(918,4,606.32234285714,606.32234285714,'2016-08-01 00:00:00'),(919,4,515.0619,515.0619,'2016-08-02 00:00:00'),(920,4,565.05167142857,565.05167142857,'2016-08-03 00:00:00'),(921,4,577.31577142857,577.31577142857,'2016-08-04 00:00:00'),(922,4,576.55908571429,576.55908571429,'2016-08-05 00:00:00'),(923,4,588.23127142857,588.23127142857,'2016-08-06 00:00:00'),(924,4,594.27488571429,594.27488571429,'2016-08-07 00:00:00'),(925,4,592.6975,592.6975,'2016-08-08 00:00:00'),(926,4,588.7753875,588.7753875,'2016-08-09 00:00:00'),(927,4,592.1899,592.1899,'2016-08-10 00:00:00'),(928,4,589.24185,589.24185,'2016-08-11 00:00:00'),(929,4,587.7556,587.7556,'2016-08-12 00:00:00'),(930,4,586.4345375,586.4345375,'2016-08-13 00:00:00'),(931,4,570.97641428571,570.97641428571,'2016-08-14 00:00:00'),(932,4,570.142225,570.142225,'2016-08-15 00:00:00'),(933,4,581.1185875,581.1185875,'2016-08-16 00:00:00'),(934,4,575.518,575.518,'2016-08-17 00:00:00'),(935,4,576.0360875,576.0360875,'2016-08-18 00:00:00'),(936,4,576.657075,576.657075,'2016-08-19 00:00:00'),(937,4,583.2078625,583.2078625,'2016-08-20 00:00:00'),(938,4,582.821675,582.821675,'2016-08-21 00:00:00'),(939,4,588.9727625,588.9727625,'2016-08-22 00:00:00'),(940,4,586.18515,586.18515,'2016-08-23 00:00:00'),(941,4,582.8479875,582.8479875,'2016-08-24 00:00:00'),(942,4,579.86365,579.86365,'2016-08-25 00:00:00'),(943,4,581.07245,581.07245,'2016-08-26 00:00:00'),(944,4,571.5419875,571.5419875,'2016-08-27 00:00:00'),(945,4,576.534,576.534,'2016-08-28 00:00:00'),(946,4,575.2244125,575.2244125,'2016-08-29 00:00:00'),(947,4,578.616575,578.616575,'2016-08-30 00:00:00'),(948,4,574.8279375,574.8279375,'2016-08-31 00:00:00'),(949,4,572.818375,572.818375,'2016-09-01 00:00:00'),(950,4,576.218,576.218,'2016-09-02 00:00:00'),(951,4,600.8860875,600.8860875,'2016-09-03 00:00:00'),(952,4,610.59875,610.59875,'2016-09-04 00:00:00'),(953,4,608.10975,608.10975,'2016-09-05 00:00:00'),(954,4,611.097475,611.097475,'2016-09-06 00:00:00'),(955,4,614.4637625,614.4637625,'2016-09-07 00:00:00'),(956,4,627.777875,627.777875,'2016-09-08 00:00:00'),(957,4,625.0709,625.0709,'2016-09-09 00:00:00'),(958,4,625.7635,625.7635,'2016-09-10 00:00:00'),(959,4,608.15855,608.15855,'2016-09-11 00:00:00'),(960,4,609.6705,609.6705,'2016-09-12 00:00:00'),(961,4,610.928125,610.928125,'2016-09-13 00:00:00'),(962,4,612.0847375,612.0847375,'2016-09-14 00:00:00'),(963,4,610.386125,610.386125,'2016-09-15 00:00:00'),(964,4,609.11465,609.11465,'2016-09-16 00:00:00'),(965,4,608.006875,608.006875,'2016-09-17 00:00:00'),(966,4,611.5859,611.5859,'2016-09-18 00:00:00'),(967,4,610.1965,610.1965,'2016-09-19 00:00:00'),(968,4,609.74875,609.74875,'2016-09-20 00:00:00'),(969,4,598.884875,598.884875,'2016-09-21 00:00:00'),(970,4,597.4226,597.4226,'2016-09-22 00:00:00'),(971,4,604.2225,604.2225,'2016-09-23 00:00:00'),(972,4,603.8854,603.8854,'2016-09-24 00:00:00'),(973,4,601.7472375,601.7472375,'2016-09-25 00:00:00'),(974,4,608.1469625,608.1469625,'2016-09-26 00:00:00'),(975,4,605.9622125,605.9622125,'2016-09-27 00:00:00'),(976,4,605.679475,605.679475,'2016-09-28 00:00:00'),(977,4,606.36375,606.36375,'2016-09-29 00:00:00'),(978,4,609.3962875,609.3962875,'2016-09-30 00:00:00'),(979,4,614.8238,614.8238,'2016-10-01 00:00:00'),(980,4,610.5189125,610.5189125,'2016-10-02 00:00:00'),(981,4,611.8511,611.8511,'2016-10-03 00:00:00'),(982,4,609.6248125,609.6248125,'2016-10-04 00:00:00'),(983,4,612.3522875,612.3522875,'2016-10-05 00:00:00'),(984,4,612.08875,612.08875,'2016-10-06 00:00:00'),(985,4,617.21035,617.21035,'2016-10-07 00:00:00'),(986,4,618.046,618.046,'2016-10-08 00:00:00'),(987,4,615.65675,615.65675,'2016-10-09 00:00:00'),(988,4,617.54825,617.54825,'2016-10-10 00:00:00'),(989,4,639.30995,639.30995,'2016-10-11 00:00:00'),(990,4,635.0139375,635.0139375,'2016-10-12 00:00:00'),(991,4,635.9650875,635.9650875,'2016-10-13 00:00:00'),(992,4,639.56564285714,639.56564285714,'2016-10-14 00:00:00'),(993,4,637.94985714286,637.94985714286,'2016-10-15 00:00:00'),(994,4,641.425125,641.425125,'2016-10-16 00:00:00'),(995,4,638.1833875,638.1833875,'2016-10-17 00:00:00'),(996,4,636.2965,636.2965,'2016-10-18 00:00:00'),(997,4,629.253675,629.253675,'2016-10-19 00:00:00'),(998,4,630.22705,630.22705,'2016-10-20 00:00:00'),(999,4,631.9242125,631.9242125,'2016-10-21 00:00:00'),(1000,4,655.4886625,655.4886625,'2016-10-22 00:00:00'),(1001,4,653.0028625,653.0028625,'2016-10-23 00:00:00'),(1002,4,651.396425,651.396425,'2016-10-24 00:00:00'),(1003,4,655.31995,655.31995,'2016-10-25 00:00:00'),(1004,4,672.2214125,672.2214125,'2016-10-26 00:00:00'),(1005,4,682.2239625,682.2239625,'2016-10-27 00:00:00'),(1006,4,687.6883375,687.6883375,'2016-10-28 00:00:00'),(1007,4,714.89545,714.89545,'2016-10-29 00:00:00'),(1008,4,698.0034,698.0034,'2016-10-30 00:00:00'),(1009,4,702.0015125,702.0015125,'2016-10-31 00:00:00'),(1010,4,728.2068875,728.2068875,'2016-11-01 00:00:00'),(1011,4,733.336125,733.336125,'2016-11-02 00:00:00'),(1012,4,686.170875,686.170875,'2016-11-03 00:00:00'),(1013,4,703.6940875,703.6940875,'2016-11-04 00:00:00'),(1014,4,704.7909,704.7909,'2016-11-05 00:00:00'),(1015,4,712.00325,712.00325,'2016-11-06 00:00:00'),(1016,4,703.819,703.819,'2016-11-07 00:00:00'),(1017,4,708.974875,708.974875,'2016-11-08 00:00:00'),(1018,4,720.9301,720.9301,'2016-11-09 00:00:00'),(1019,4,713.690125,713.690125,'2016-11-10 00:00:00'),(1020,4,715.4593,715.4593,'2016-11-11 00:00:00'),(1021,4,703.718,703.718,'2016-11-12 00:00:00'),(1022,4,701.901125,701.901125,'2016-11-13 00:00:00'),(1023,4,706.467875,706.467875,'2016-11-14 00:00:00'),(1024,4,710.910125,710.910125,'2016-11-15 00:00:00'),(1025,4,736.914375,736.914375,'2016-11-16 00:00:00'),(1026,4,736.9615,736.9615,'2016-11-17 00:00:00'),(1027,4,747.5217625,747.5217625,'2016-11-18 00:00:00'),(1028,4,750.030875,750.030875,'2016-11-19 00:00:00'),(1029,4,729.066625,729.066625,'2016-11-20 00:00:00'),(1030,4,738.537625,738.537625,'2016-11-21 00:00:00'),(1031,4,748.749375,748.749375,'2016-11-22 00:00:00'),(1032,4,741.6384,741.6384,'2016-11-23 00:00:00'),(1033,4,737.450375,737.450375,'2016-11-24 00:00:00'),(1034,4,739.786125,739.786125,'2016-11-25 00:00:00'),(1035,4,733.673,733.673,'2016-11-26 00:00:00'),(1036,4,727.9655,727.9655,'2016-11-27 00:00:00'),(1037,4,733.052125,733.052125,'2016-11-28 00:00:00'),(1038,4,732.712125,732.712125,'2016-11-29 00:00:00'),(1039,4,742.6967625,742.6967625,'2016-11-30 00:00:00'),(1040,4,752.246125,752.246125,'2016-12-01 00:00:00'),(1041,4,772.43725,772.43725,'2016-12-02 00:00:00'),(1042,4,764.339625,764.339625,'2016-12-03 00:00:00'),(1043,4,764.81625,764.81625,'2016-12-04 00:00:00'),(1044,4,754.63975,754.63975,'2016-12-05 00:00:00'),(1045,4,756.6215,756.6215,'2016-12-06 00:00:00'),(1046,4,766.1166375,766.1166375,'2016-12-07 00:00:00'),(1047,4,769.72975,769.72975,'2016-12-08 00:00:00'),(1048,4,770.028125,770.028125,'2016-12-09 00:00:00'),(1049,4,773.40125,773.40125,'2016-12-10 00:00:00'),(1050,4,768.303125,768.303125,'2016-12-11 00:00:00'),(1051,4,777.006875,777.006875,'2016-12-12 00:00:00'),(1052,4,778.4935,778.4935,'2016-12-13 00:00:00'),(1053,4,774.897,774.897,'2016-12-14 00:00:00'),(1054,4,776.75215,776.75215,'2016-12-15 00:00:00'),(1055,4,781.568375,781.568375,'2016-12-16 00:00:00'),(1056,4,788.7055,788.7055,'2016-12-17 00:00:00'),(1057,4,788.40575,788.40575,'2016-12-18 00:00:00'),(1058,4,789.524125,789.524125,'2016-12-19 00:00:00'),(1059,4,793.0901375,793.0901375,'2016-12-20 00:00:00'),(1060,4,824.2189375,824.2189375,'2016-12-21 00:00:00'),(1061,4,860.599875,860.599875,'2016-12-22 00:00:00'),(1062,4,901.3182375,901.3182375,'2016-12-23 00:00:00'),(1063,4,891.6126125,891.6126125,'2016-12-24 00:00:00'),(1064,4,886.900375,886.900375,'2016-12-25 00:00:00'),(1065,4,897.335375,897.335375,'2016-12-26 00:00:00'),(1066,4,930.376,930.376,'2016-12-27 00:00:00'),(1067,4,967.480375,967.480375,'2016-12-28 00:00:00'),(1068,4,963.381625,963.381625,'2016-12-29 00:00:00'),(1069,4,952.156375,952.156375,'2016-12-30 00:00:00'),(1070,4,959.879875,959.879875,'2016-12-31 00:00:00'),(1071,4,997.729875,997.729875,'2017-01-01 00:00:00'),(1072,4,1015.9771125,1015.9771125,'2017-01-02 00:00:00'),(1073,4,1023.141875,1023.141875,'2017-01-03 00:00:00'),(1074,4,1126.7633375,1126.7633375,'2017-01-04 00:00:00'),(1075,4,994.674875,994.674875,'2017-01-05 00:00:00'),(1076,4,883.099175,883.099175,'2017-01-06 00:00:00'),(1077,4,896.830375,896.830375,'2017-01-07 00:00:00'),(1078,4,908.1490375,908.1490375,'2017-01-08 00:00:00'),(1079,4,894.18025,894.18025,'2017-01-09 00:00:00'),(1080,4,906.05691428571,906.05691428571,'2017-01-10 00:00:00'),(1081,4,785.2237375,785.2237375,'2017-01-11 00:00:00'),(1082,4,803.372375,803.372375,'2017-01-12 00:00:00'),(1083,4,826.2956625,826.2956625,'2017-01-13 00:00:00'),(1084,4,817.912875,817.912875,'2017-01-14 00:00:00'),(1085,4,822.2076,822.2076,'2017-01-15 00:00:00'),(1086,4,830.505125,830.505125,'2017-01-16 00:00:00'),(1087,4,903.84575,903.84575,'2017-01-17 00:00:00'),(1088,4,874.9949625,874.9949625,'2017-01-18 00:00:00'),(1089,4,895.798875,895.798875,'2017-01-19 00:00:00'),(1090,4,893.6210875,893.6210875,'2017-01-20 00:00:00'),(1091,4,920.4479,920.4479,'2017-01-21 00:00:00'),(1092,4,918.603625,918.603625,'2017-01-22 00:00:00'),(1093,4,922.0736125,922.0736125,'2017-01-23 00:00:00'),(1094,4,890.320225,890.320225,'2017-01-24 00:00:00'),(1095,4,893.045625,893.045625,'2017-01-25 00:00:00'),(1096,4,915.95625,915.95625,'2017-01-26 00:00:00'),(1097,4,919.27975,919.27975,'2017-01-27 00:00:00'),(1098,4,920.31225,920.31225,'2017-01-28 00:00:00'),(1099,4,915.933,915.933,'2017-01-29 00:00:00'),(1100,4,921.179325,921.179325,'2017-01-30 00:00:00'),(1101,4,964.706075,964.706075,'2017-01-31 00:00:00'),(1102,4,979.703875,979.703875,'2017-02-01 00:00:00'),(1103,4,1007.6137125,1007.6137125,'2017-02-02 00:00:00'),(1104,4,1013.027,1013.027,'2017-02-03 00:00:00'),(1105,4,1030.9994125,1030.9994125,'2017-02-04 00:00:00'),(1106,4,1014.837725,1014.837725,'2017-02-05 00:00:00'),(1107,4,1024.01375,1024.01375,'2017-02-06 00:00:00'),(1108,4,1050.11,1050.11,'2017-02-07 00:00:00'),(1109,4,1052.3766125,1052.3766125,'2017-02-08 00:00:00'),(1110,4,976.103,976.103,'2017-02-09 00:00:00'),(1111,4,999.1035,999.1035,'2017-02-10 00:00:00'),(1112,4,1008.8466625,1008.8466625,'2017-02-11 00:00:00'),(1113,4,1000.604625,1000.604625,'2017-02-12 00:00:00'),(1114,4,999.877375,999.877375,'2017-02-13 00:00:00'),(1115,4,1011.78025,1011.78025,'2017-02-14 00:00:00'),(1116,4,1012.3259875,1012.3259875,'2017-02-15 00:00:00'),(1117,4,1035.208125,1035.208125,'2017-02-16 00:00:00'),(1118,4,1055.53685,1055.53685,'2017-02-17 00:00:00'),(1119,4,1056.6371375,1056.6371375,'2017-02-18 00:00:00'),(1120,4,1052.7792857143,1052.7792857143,'2017-02-19 00:00:00'),(1121,4,1084.7550125,1084.7550125,'2017-02-20 00:00:00'),(1122,4,1123.7884285714,1123.7884285714,'2017-02-21 00:00:00'),(1123,4,1123.2231875,1123.2231875,'2017-02-22 00:00:00'),(1124,4,1172.01715,1172.01715,'2017-02-23 00:00:00'),(1125,4,1174.86625,1174.86625,'2017-02-24 00:00:00'),(1126,4,1150.6057142857,1150.6057142857,'2017-02-25 00:00:00'),(1127,4,1175.04975,1175.04975,'2017-02-26 00:00:00'),(1128,4,1190.75195,1190.75195,'2017-02-27 00:00:00'),(1129,4,1187.5652857143,1187.5652857143,'2017-02-28 00:00:00'),(1130,4,1222.4994,1222.4994,'2017-03-01 00:00:00'),(1131,4,1259.4108166667,1259.4108166667,'2017-03-02 00:00:00'),(1132,4,1285.14,1285.14,'2017-03-03 00:00:00'),(1133,4,1267.0272,1267.0272,'2017-03-04 00:00:00'),(1134,4,1270.9333,1270.9333,'2017-03-05 00:00:00'),(1135,4,1275.197375,1275.197375,'2017-03-06 00:00:00'),(1136,4,1238.447,1238.447,'2017-03-07 00:00:00'),(1137,4,1157.3933,1157.3933,'2017-03-08 00:00:00'),(1138,4,1192.4691428571,1192.4691428571,'2017-03-09 00:00:00'),(1139,4,1098.6171285714,1098.6171285714,'2017-03-10 00:00:00'),(1140,4,1179.159875,1179.159875,'2017-03-11 00:00:00'),(1141,4,1227.494625,1227.494625,'2017-03-12 00:00:00'),(1142,4,1239.816225,1239.816225,'2017-03-13 00:00:00'),(1143,4,1245.3707857143,1245.3707857143,'2017-03-14 00:00:00'),(1144,4,1257.399625,1257.399625,'2017-03-15 00:00:00'),(1145,4,1180.9456571429,1180.9456571429,'2017-03-16 00:00:00'),(1146,4,1091.1718875,1091.1718875,'2017-03-17 00:00:00'),(1147,4,952.2323625,952.2323625,'2017-03-18 00:00:00'),(1148,4,1029.8008125,1029.8008125,'2017-03-19 00:00:00'),(1149,4,1049.0844875,1049.0844875,'2017-03-20 00:00:00'),(1150,4,1118.6300428571,1118.6300428571,'2017-03-21 00:00:00'),(1151,1,26.85,27.24796,'2017-03-22 11:07:37'),(1152,2,28.85,29.41176,'2017-03-22 11:07:37'),(1153,3,0.44,0.5,'2017-03-22 11:07:37'),(1154,4,1075.09,1078.71,'2017-03-22 11:07:37'),(1155,1,26.85,27.24796,'2017-03-22 12:23:56'),(1156,2,28.85,29.41176,'2017-03-22 12:23:56'),(1157,3,0.44,0.5,'2017-03-22 12:23:56'),(1158,4,1056.25,1058.43,'2017-03-22 12:23:56'),(1159,1,26.85,27.24796,'2017-03-22 14:06:08'),(1160,2,28.85,29.41176,'2017-03-22 14:06:08'),(1161,3,0.44,0.5,'2017-03-22 14:06:08'),(1162,4,1026.81,1027,'2017-03-22 14:06:08'),(1163,1,26.85,27.24796,'2017-03-22 16:21:29'),(1164,2,28.85,29.41176,'2017-03-22 16:21:29'),(1165,3,0.44,0.5,'2017-03-22 16:21:29'),(1166,4,1030,1030.89,'2017-03-22 16:21:29'),(1167,1,26.85,27.24796,'2017-03-23 08:20:13'),(1168,2,28.85,29.41176,'2017-03-23 08:20:13'),(1169,3,0.44,0.5,'2017-03-23 08:20:13'),(1170,4,1030.93,1032,'2017-03-23 08:20:13'),(1171,1,26.95,27.3224,'2017-03-23 12:51:43'),(1172,2,29,29.49853,'2017-03-23 12:51:43'),(1173,3,0.44,0.5,'2017-03-23 12:51:43'),(1174,4,1045.02,1045.61,'2017-03-23 12:51:43'),(1175,1,26.95,27.3224,'2017-03-23 14:18:51'),(1176,2,29,29.49853,'2017-03-23 14:18:51'),(1177,3,0.44,0.5,'2017-03-23 14:18:51'),(1178,4,1041.08,1042.9,'2017-03-23 14:18:51'),(1179,1,26.95,27.3224,'2017-03-24 07:41:44'),(1180,2,29,29.49853,'2017-03-24 07:41:44'),(1181,3,0.44,0.5,'2017-03-24 07:41:44'),(1182,4,1014.27,1016.61,'2017-03-24 07:41:44'),(1183,1,26.95,27.3224,'2017-03-24 09:23:02'),(1184,2,29,29.49853,'2017-03-24 09:23:02'),(1185,3,0.455,0.5,'2017-03-24 09:23:02'),(1186,4,1006,1009.87,'2017-03-24 09:23:02'),(1187,1,26.95,27.3224,'2017-03-24 11:31:52'),(1188,2,29,29.49853,'2017-03-24 11:31:52'),(1189,3,0.455,0.5,'2017-03-24 11:31:52'),(1190,4,942.3582,1041.5538,'2017-03-24 11:31:52'),(1191,4,996,997.78,'2017-03-24 11:31:52'),(1192,1,26.95,27.3224,'2017-03-27 07:15:17'),(1193,2,29.2,29.67359,'2017-03-27 07:15:17'),(1194,3,0.46,0.5,'2017-03-27 07:15:17'),(1195,4,930.4832,1028.4288,'2017-03-27 07:15:17'),(1196,4,974.58,976.36,'2017-03-27 07:15:17'),(1197,1,27.02,27.3224,'2017-03-27 08:27:57'),(1198,2,29.2,29.67359,'2017-03-27 08:27:57'),(1199,3,0.46,0.5,'2017-03-27 08:27:57'),(1200,4,935.8916,1034.4065,'2017-03-27 08:27:57'),(1201,4,981.35,984.62,'2017-03-27 08:27:57'),(1202,1,27.02,27.3224,'2017-03-27 10:37:51'),(1212,2,29.2,29.67359,'2017-03-27 10:37:51'),(1222,3,0.46,0.5,'2017-03-27 10:37:51'),(1232,4,933.0368,1031.2512,'2017-03-27 10:37:51'),(1242,4,981.27,983.26,'2017-03-27 10:37:51'),(1252,1,27.02,27.3224,'2017-03-27 11:59:01'),(1262,2,29.2,29.67359,'2017-03-27 11:59:01'),(1272,3,0.46,0.5,'2017-03-27 11:59:01'),(1282,4,939.3895,1038.2726,'2017-03-27 11:59:01'),(1292,4,988.24,988.79,'2017-03-27 11:59:01'),(1302,1,27.02,27.3224,'2017-03-27 13:27:01'),(1312,2,29.2,29.67359,'2017-03-27 13:27:01'),(1322,3,0.46,0.5,'2017-03-27 13:27:01'),(1332,4,1022.76,1023.55,'2017-03-27 13:27:01'),(1342,1,27.02,27.3224,'2017-03-27 14:59:56'),(1352,2,29.2,29.67359,'2017-03-27 14:59:56'),(1362,3,0.46,0.5,'2017-03-27 14:59:56'),(1372,4,1024.5,1024.8,'2017-03-27 14:59:56'),(1382,1,27.02,27.3224,'2017-03-27 23:03:22'),(1392,2,29.2,29.67359,'2017-03-27 23:03:22'),(1402,3,0.46,0.5,'2017-03-27 23:03:22'),(1412,4,1034.11,1036.68,'2017-03-27 23:03:22'),(1422,1,27.02,27.3224,'2017-03-28 07:19:01'),(1432,2,29.2,29.67359,'2017-03-28 07:19:01'),(1442,3,0.46,0.5,'2017-03-28 07:19:01'),(1452,4,1035.82,1036.72,'2017-03-28 07:19:01'),(1462,1,27.02,27.3224,'2017-03-28 08:31:55'),(1472,2,29.2,29.67359,'2017-03-28 08:31:55'),(1482,3,0.46,0.5,'2017-03-28 08:31:55'),(1492,4,1041.12,1042.66,'2017-03-28 08:31:55'),(1502,1,27.02,27.3224,'2017-03-28 10:31:56'),(1512,2,29.2,29.67359,'2017-03-28 10:31:56'),(1522,3,0.46,0.5,'2017-03-28 10:31:56'),(1532,4,1057.09,1057.72,'2017-03-28 10:31:56'),(1542,1,27.02,27.3224,'2017-03-28 11:35:09'),(1552,2,29.2,29.67359,'2017-03-28 11:35:09'),(1562,3,0.46,0.5,'2017-03-28 11:35:09'),(1572,4,1052.15,1053.67,'2017-03-28 11:35:09'),(1582,1,27,27.3224,'2017-03-28 16:21:34'),(1592,2,29.2,29.67359,'2017-03-28 16:21:34'),(1602,3,0.46,0.5,'2017-03-28 16:21:34'),(1612,4,1057.79,1058.45,'2017-03-28 16:21:34'),(1622,1,26.97,27.24796,'2017-03-29 07:16:33'),(1632,2,29.1,29.5858,'2017-03-29 07:16:33'),(1642,3,0.46,0.5,'2017-03-29 07:16:33'),(1652,4,1010.5,1011.82,'2017-03-29 07:16:33'),(1662,1,26.97,27.24796,'2017-03-29 08:24:25'),(1672,2,29,29.49853,'2017-03-29 08:24:25'),(1682,3,0.46,0.5,'2017-03-29 08:24:25'),(1692,4,1011.65,1013.14,'2017-03-29 08:24:25'),(1702,1,26.9,27.24796,'2017-03-29 11:25:37'),(1712,2,29,29.49853,'2017-03-29 11:25:37'),(1722,3,0.46,0.5,'2017-03-29 11:25:37'),(1732,4,1047.11,1047.78,'2017-03-29 11:25:37'),(1742,1,26.9,27.24796,'2017-03-29 14:07:36'),(1752,2,28.9,29.41176,'2017-03-29 14:07:36'),(1762,3,0.46,0.5,'2017-03-29 14:07:36'),(1772,4,1041.8,1043.82,'2017-03-29 14:07:36'),(1782,1,26.9,27.17391,'2017-03-30 07:56:22'),(1792,2,28.9,29.23977,'2017-03-30 07:56:22'),(1802,3,0.46,0.5,'2017-03-30 07:56:22'),(1812,4,1041.4,1043.46,'2017-03-30 07:56:22'),(1822,1,26.9,27.17391,'2017-03-30 09:43:55'),(1832,2,28.9,29.23977,'2017-03-30 09:43:55'),(1842,3,0.46,0.5,'2017-03-30 09:43:55'),(1852,4,1032.1,1033.59,'2017-03-30 09:43:55'),(1862,1,26.9,27.17391,'2017-03-30 10:48:02'),(1872,2,28.9,29.23977,'2017-03-30 10:48:02'),(1882,3,0.46,0.5,'2017-03-30 10:48:02'),(1892,4,1033.9,1034.84,'2017-03-30 10:48:02'),(1902,1,26.9,27.17391,'2017-03-30 12:44:18'),(1912,2,28.9,29.23977,'2017-03-30 12:44:18'),(1922,3,0.46,0.5,'2017-03-30 12:44:18'),(1932,4,1030,1031.85,'2017-03-30 12:44:18'),(1942,1,26.9,27.17391,'2017-03-30 14:01:44'),(1952,2,28.9,29.23977,'2017-03-30 14:01:44'),(1962,3,0.46,0.5,'2017-03-30 14:01:44'),(1972,4,1029,1030,'2017-03-30 14:01:44'),(1982,1,26.85,27.17391,'2017-03-30 19:14:05'),(1992,2,28.8,29.23977,'2017-03-30 19:14:05'),(2002,3,0.46,0.5,'2017-03-30 19:14:05'),(2012,4,1027.4,1028.82,'2017-03-30 19:14:05'),(2022,1,26.85,27.17391,'2017-03-30 21:17:38'),(2032,2,28.8,29.23977,'2017-03-30 21:17:38'),(2042,3,0.46,0.5,'2017-03-30 21:17:38'),(2052,4,1028.16,1029.99,'2017-03-30 21:17:38'),(2062,1,26.85,27.17391,'2017-03-31 07:21:45'),(2072,2,28.6,29.06977,'2017-03-31 07:21:45'),(2082,3,0.46,0.5,'2017-03-31 07:21:45'),(2092,4,1037.77,1040.39,'2017-03-31 07:21:45'),(2102,1,26.85,27.17391,'2017-03-31 08:39:01'),(2112,2,28.6,29.06977,'2017-03-31 08:39:02'),(2122,3,0.46,0.5,'2017-03-31 08:39:02'),(2132,4,1042.03,1044.5,'2017-03-31 08:39:02'),(2142,1,26.85,27.17391,'2017-03-31 10:35:41'),(2152,2,28.6,29.06977,'2017-03-31 10:35:41'),(2162,3,0.46,0.5,'2017-03-31 10:35:41'),(2172,4,1042.4,1044.84,'2017-03-31 10:35:41'),(2182,1,26.85,27.17391,'2017-04-01 16:33:06'),(2192,2,28.6,29.06977,'2017-04-01 16:33:06'),(2202,3,0.46,0.5,'2017-04-01 16:33:06'),(2212,4,1068.12,1068.3,'2017-04-01 16:33:06'),(2222,1,26.75,27.10027,'2017-04-03 19:39:56'),(2232,2,28.5,28.98551,'2017-04-03 19:39:56'),(2242,3,0.46,0.5,'2017-04-03 19:39:56'),(2252,4,1144.02,1144.99,'2017-04-03 19:39:56'),(2262,1,26.75,27.10027,'2017-04-04 06:14:58'),(2272,2,28.5,28.98551,'2017-04-04 06:14:58'),(2282,3,0.46,0.5,'2017-04-04 06:14:58'),(2292,4,1145.01,1146.63,'2017-04-04 06:14:58'),(2302,1,26.8,27.17391,'2017-04-05 07:15:14'),(2312,2,28.4,28.98551,'2017-04-05 07:15:14'),(2322,3,0.46,0.5,'2017-04-05 07:15:14'),(2332,4,1130.11,1132.26,'2017-04-05 07:15:14'),(2342,1,26.9,27.17391,'2017-04-06 12:26:21'),(2352,2,28.4,28.98551,'2017-04-06 12:26:21'),(2362,3,0.46,0.5,'2017-04-06 12:26:21'),(2372,4,1176.5,1177.9,'2017-04-06 12:26:21'),(2382,1,26.85,27.17391,'2017-04-06 14:24:03'),(2392,2,28.4,28.98551,'2017-04-06 14:24:03'),(2402,3,0.46,0.5,'2017-04-06 14:24:03'),(2412,4,1170.22,1170.99,'2017-04-06 14:24:03'),(2422,1,26.85,27.17391,'2017-04-07 01:05:48'),(2432,2,28.4,28.98551,'2017-04-07 01:05:48'),(2442,3,0.46,0.5,'2017-04-07 01:05:48'),(2452,4,1185,1185.97,'2017-04-07 01:05:48'),(2462,1,26.8,27.10027,'2017-04-09 05:55:12'),(2472,2,28.3,28.81844,'2017-04-09 05:55:12'),(2482,3,0.45,0.49,'2017-04-09 05:55:12'),(2492,4,1183.13,1183.49,'2017-04-09 05:55:12'),(2502,1,26.8,27.10027,'2017-04-09 11:40:15'),(2512,2,28.3,28.81844,'2017-04-09 11:40:15'),(2522,3,0.45,0.49,'2017-04-09 11:40:15'),(2532,4,1179.05,1179.3,'2017-04-09 11:40:15'),(2542,1,26.8,27.10027,'2017-04-09 19:41:21'),(2552,2,28.3,28.81844,'2017-04-09 19:41:21'),(2562,3,0.45,0.49,'2017-04-09 19:41:21'),(2572,4,1211.02,1211.98,'2017-04-09 19:41:21'),(2582,1,26.75,27.10027,'2017-04-10 12:14:47'),(2592,2,28.1,28.6533,'2017-04-10 12:14:47'),(2602,3,0.45,0.49,'2017-04-10 12:14:47'),(2612,4,1209.39,1209.9,'2017-04-10 12:14:47'),(2622,1,26.75,27.10027,'2017-04-11 18:58:42'),(2632,2,28,28.73563,'2017-04-11 18:58:42'),(2642,3,0.45,0.49,'2017-04-11 18:58:42'),(2652,4,1221.75,1223.36,'2017-04-11 18:58:42'),(2662,1,26.73,27.02703,'2017-04-12 12:10:15'),(2672,2,28.1,28.73563,'2017-04-12 12:10:15'),(2682,3,0.45,0.49,'2017-04-12 12:10:15'),(2692,4,1219,1220.31,'2017-04-12 12:10:15'),(2702,1,26.65,26.95418,'2017-04-14 12:02:27'),(2712,2,28,28.6533,'2017-04-14 12:02:27'),(2722,3,0.45,0.49,'2017-04-14 12:02:27'),(2732,4,1153.29,1155.91,'2017-04-14 12:02:27'),(2742,1,26.65,26.95418,'2017-04-16 19:20:47'),(2752,2,28,28.6533,'2017-04-16 19:20:47'),(2762,3,0.45,0.49,'2017-04-16 19:20:47'),(2772,4,1170.25,1172,'2017-04-16 19:20:47'),(2782,1,26.65,26.95418,'2017-04-17 11:52:38'),(2792,2,28,28.6533,'2017-04-17 11:52:38'),(2802,3,0.45,0.49,'2017-04-17 11:52:38'),(2812,4,1167.01,1167.02,'2017-04-17 11:52:38'),(2822,1,26.65,26.95418,'2017-04-17 13:12:07'),(2832,2,28,28.6533,'2017-04-17 13:12:07'),(2842,3,0.45,0.49,'2017-04-17 13:12:07'),(2852,4,1164.69,1165.14,'2017-04-17 13:12:07'),(2862,1,26.65,26.95418,'2017-04-18 07:13:16'),(2872,2,28,28.6533,'2017-04-18 07:13:16'),(2882,3,0.45,0.49,'2017-04-18 07:13:16'),(2892,4,1198.34,1200,'2017-04-18 07:13:16'),(2902,1,26.7,27.02703,'2017-04-18 10:22:04'),(2912,2,28,28.6533,'2017-04-18 10:22:04'),(2922,3,0.45,0.49,'2017-04-18 10:22:04'),(2932,4,1205.5,1205.51,'2017-04-18 10:22:04'),(2942,1,26.7,27.02703,'2017-04-18 13:06:32'),(2952,2,28,28.6533,'2017-04-18 13:06:32'),(2962,3,0.45,0.49,'2017-04-18 13:06:32'),(2972,4,1209.27,1209.9,'2017-04-18 13:06:32'),(2982,1,26.6,26.95418,'2017-04-21 07:31:16'),(2992,2,28,28.81844,'2017-04-21 07:31:16'),(3002,3,0.45,0.49,'2017-04-21 07:31:16'),(3012,4,1235.52,1236.04,'2017-04-21 07:31:16'),(3022,1,26.5,26.80965,'2017-04-24 06:50:30'),(3032,2,28.4,29.23977,'2017-04-24 06:50:30'),(3042,3,0.45,0.49,'2017-04-24 06:50:30'),(3052,4,1241.05,1241.13,'2017-04-24 06:50:30'),(3062,1,26.45,26.80965,'2017-04-24 13:21:18'),(3072,2,28,28.98551,'2017-04-24 13:21:18'),(3082,3,0.45,0.49,'2017-04-24 13:21:18'),(3092,4,1242.13,1242.22,'2017-04-24 13:21:18'),(3102,1,26.45,26.80965,'2017-04-24 14:31:11'),(3112,2,28,28.98551,'2017-04-24 14:31:11'),(3122,3,0.45,0.49,'2017-04-24 14:31:11'),(3132,4,1244.27,1245.51,'2017-04-24 14:31:11'),(3142,1,26.45,26.80965,'2017-04-25 06:01:17'),(3152,2,28,28.98551,'2017-04-25 06:01:17'),(3162,3,0.45,0.49,'2017-04-25 06:01:17'),(3172,4,1254.5,1255.85,'2017-04-25 06:01:17'),(3182,1,26.4,26.73797,'2017-04-25 07:42:55'),(3192,2,28,28.98551,'2017-04-25 07:42:55'),(3202,3,0.45,0.49,'2017-04-25 07:42:55'),(3212,4,1254.88,1255.17,'2017-04-25 07:42:55'),(3222,1,26.4,26.73797,'2017-04-25 11:16:55'),(3232,2,28,28.98551,'2017-04-25 11:16:55'),(3242,3,0.45,0.49,'2017-04-25 11:16:55'),(3252,4,1269,1269.01,'2017-04-25 11:16:55'),(3262,1,26.35,26.73797,'2017-04-25 15:04:00'),(3272,2,28,28.98551,'2017-04-25 15:04:00'),(3282,3,0.45,0.49,'2017-04-25 15:04:00'),(3292,4,1358.2,1359,'2017-04-25 15:04:00'),(3302,1,26.35,26.73797,'2017-04-25 19:13:43'),(3312,2,28.15,29.15452,'2017-04-25 19:13:43'),(3322,3,0.45,0.49,'2017-04-25 19:13:43'),(3332,4,1273.38,1276.25,'2017-04-25 19:13:43'),(3342,1,26.3,26.73797,'2017-04-26 10:58:43'),(3352,2,28.15,29.15452,'2017-04-26 10:58:43'),(3362,3,0.45,0.49,'2017-04-26 10:58:43'),(3372,4,1283.63,1283.65,'2017-04-26 10:58:43'),(3382,1,26.25,26.66667,'2017-04-27 08:50:22'),(3392,2,28,28.98551,'2017-04-27 08:50:22'),(3402,3,0.45,0.49,'2017-04-27 08:50:22'),(3412,4,1306.97,1306.98,'2017-04-27 08:50:22'),(3422,1,26.25,26.66667,'2017-04-27 12:18:52'),(3432,2,28,28.98551,'2017-04-27 12:18:52'),(3442,3,0.45,0.49,'2017-04-27 12:18:52'),(3452,4,1305.34,1306.54,'2017-04-27 12:18:52'),(3462,1,26.25,26.59574,'2017-04-28 10:45:56'),(3472,2,28,28.98551,'2017-04-28 10:45:56'),(3482,3,0.445,0.48501,'2017-04-28 10:45:56'),(3492,4,1261.049,1393.791,'2017-04-28 10:45:56'),(3502,4,1330.5,1331.5,'2017-04-28 10:45:56'),(3512,1,26.3,26.59574,'2017-05-02 16:38:00'),(3522,2,28,28.98551,'2017-05-02 16:38:00'),(3532,3,0.445,0.48501,'2017-05-02 16:38:00'),(3542,4,1374.4209,1519.0967,'2017-05-02 16:38:00'),(3552,4,1449.37,1449.85,'2017-05-02 16:38:00'),(3562,1,26.3,26.59574,'2017-05-02 19:47:17'),(3572,2,28,28.98551,'2017-05-02 19:47:17'),(3582,3,0.445,0.48501,'2017-05-02 19:47:17'),(3592,4,1344.3652,1485.8774,'2017-05-02 19:47:17'),(3602,4,1421.12,1423,'2017-05-02 19:47:17'),(3612,1,26.3,26.59574,'2017-05-02 23:55:15'),(3622,2,28,28.98551,'2017-05-02 23:55:15'),(3632,3,0.445,0.48501,'2017-05-02 23:55:15'),(3642,4,1370.8951,1515.1999,'2017-05-02 23:55:15'),(3652,4,1445.44,1447.55,'2017-05-02 23:55:15'),(3662,1,26.15,26.5252,'2017-05-04 07:47:35'),(3672,2,28,28.98551,'2017-05-04 07:47:35'),(3682,3,0.445,0.48501,'2017-05-04 07:47:35'),(3692,4,1431.5515,1582.2411,'2017-05-04 07:47:35'),(3702,4,1519.76,1519.94,'2017-05-04 07:47:35'),(3712,1,26.2,26.5252,'2017-05-05 07:08:09'),(3722,2,28.3,29.32551,'2017-05-05 07:08:09'),(3732,3,0.43,0.47001,'2017-05-05 07:08:09'),(3742,4,1503.0651,1661.2825,'2017-05-05 07:08:09'),(3752,4,1597.01,1597.98,'2017-05-05 07:08:09'),(3762,1,26.2,26.5252,'2017-05-05 16:11:37'),(3772,2,28.3,29.32551,'2017-05-05 16:11:37'),(3782,3,0.43,0.47001,'2017-05-05 16:11:37'),(3792,4,1457.1741,1610.5609,'2017-05-05 16:11:37'),(3802,4,1544.99,1545,'2017-05-05 16:11:37'),(3812,1,26.2,26.5252,'2017-05-08 07:39:32'),(3822,2,28.3,29.32551,'2017-05-08 07:39:32'),(3832,3,0.43,0.47001,'2017-05-08 07:39:32'),(3842,4,1517.1476,1676.8474,'2017-05-08 07:39:32'),(3852,4,1592.75,1596.42,'2017-05-08 07:39:32'),(3862,1,26.15,26.45503,'2017-05-11 06:08:22'),(3872,2,28.2,29.23977,'2017-05-11 06:08:22'),(3882,3,0.43,0.47001,'2017-05-11 06:08:22'),(3892,4,1704.281,1883.679,'2017-05-11 06:08:22'),(3902,4,1809.82,1810.57,'2017-05-11 06:08:22'),(3912,1,26.2,26.5252,'2017-05-11 08:39:28'),(3922,2,28.2,29.23977,'2017-05-11 08:39:28'),(3932,3,0.44,0.48001,'2017-05-11 08:39:28'),(3942,4,1721.3573,1902.5528,'2017-05-11 08:39:28'),(3952,4,1838,1840.99,'2017-05-11 08:39:28'),(3962,1,26.25,26.59574,'2017-05-13 06:47:21'),(3972,2,28.4,29.41176,'2017-05-13 06:47:21'),(3982,3,0.44,0.48001,'2017-05-13 06:47:21'),(3992,4,1589.0306,1756.297,'2017-05-13 06:47:21'),(4002,4,1688.3,1695.57,'2017-05-13 06:47:21'),(4012,1,26.25,26.59574,'2017-05-13 20:10:05'),(4022,2,28.4,29.41176,'2017-05-13 20:10:05'),(4032,3,0.44,0.48001,'2017-05-13 20:10:05'),(4042,4,1627.2503,1798.5398,'2017-05-13 20:10:05'),(4052,4,1719.03,1725,'2017-05-13 20:10:05'),(4062,1,26.25,26.59574,'2017-05-14 16:58:14'),(4072,2,28.4,29.41176,'2017-05-14 16:58:14'),(4082,3,0.44,0.48001,'2017-05-14 16:58:14'),(4092,4,1659.8674,1834.5902,'2017-05-14 16:58:14'),(4102,4,1760.8,1764,'2017-05-14 16:58:14'),(4112,1,26.25,26.59574,'2017-05-16 14:19:03'),(4122,2,28.65,29.67359,'2017-05-16 14:19:03'),(4132,3,0.44,0.48001,'2017-05-16 14:19:03'),(4142,4,1625.298,1796.382,'2017-05-16 14:19:03'),(4152,4,1715.58,1719.09,'2017-05-16 14:19:03'),(4162,1,26.25,26.59574,'2017-05-17 12:22:44'),(4172,2,28.9,29.7619,'2017-05-17 12:22:44'),(4182,3,0.44,0.48001,'2017-05-17 12:22:44'),(4192,4,1700.8219,1879.8557,'2017-05-17 12:22:44'),(4202,4,1791.79,1793.87,'2017-05-17 12:22:44'),(4212,1,26.25,26.59574,'2017-05-17 21:43:45'),(4222,2,29,29.7619,'2017-05-17 21:43:45'),(4232,3,0.44,0.48001,'2017-05-17 21:43:45'),(4242,4,1696.3248,1874.8853,'2017-05-17 21:43:45'),(4252,4,1768.41,1773.49,'2017-05-17 21:43:45'),(4262,1,26.22,26.5252,'2017-05-18 09:23:16'),(4272,2,29,29.7619,'2017-05-18 09:23:16'),(4282,3,0.44,0.48001,'2017-05-18 09:23:16'),(4292,4,1722.5091,1903.8259,'2017-05-18 09:23:16'),(4302,4,1797.64,1800,'2017-05-18 09:23:16'),(4312,1,26.22,26.5252,'2017-05-18 11:18:07'),(4322,2,29,29.7619,'2017-05-18 11:18:07'),(4332,3,0.44,0.48001,'2017-05-18 11:18:07'),(4342,4,1728.2674,1910.1902,'2017-05-18 11:18:07'),(4352,4,1800.03,1801.29,'2017-05-18 11:18:07'),(4362,1,26.22,26.5252,'2017-05-19 12:07:48'),(4372,2,29,29.7619,'2017-05-19 12:07:48'),(4382,3,0.44,0.48001,'2017-05-19 12:07:48'),(4392,4,1844.5556,2038.7194,'2017-05-19 12:07:48'),(4402,4,1936.08,1937.69,'2017-05-19 12:07:48'),(4412,1,26.15,26.45503,'2017-05-22 12:57:59'),(4422,2,29.1,29.85075,'2017-05-22 12:57:59'),(4432,3,0.44,0.48001,'2017-05-22 12:57:59'),(4442,4,2060.5595,2277.4605,'2017-05-22 12:57:59'),(4452,4,2108,2115.98,'2017-05-22 12:57:59'),(4462,1,26.12,26.45503,'2017-05-23 10:28:23'),(4472,2,29.2,30.03003,'2017-05-23 10:28:23'),(4482,3,0.44,0.48001,'2017-05-23 10:28:23'),(4492,4,2084.2799,2303.6777,'2017-05-23 10:28:23'),(4502,4,2141.5,2147.81,'2017-05-23 10:28:23'),(4512,1,26.1,26.45503,'2017-05-23 20:50:04'),(4522,2,29.2,30.03003,'2017-05-23 20:50:04'),(4532,3,0.44,0.48001,'2017-05-23 20:50:04'),(4542,4,2228.36,2229,'2017-05-23 20:50:04'),(4552,1,26.15,26.45503,'2017-05-30 04:08:46'),(4562,2,29.2,29.7619,'2017-05-30 04:08:46'),(4572,3,0.445,0.48001,'2017-05-30 04:08:46'),(4582,4,2204.3052,2436.3374,'2017-05-30 04:08:46'),(4592,4,2324.88,2325.38,'2017-05-30 04:08:46'),(4602,1,26.15,26.45503,'2017-05-30 10:14:06'),(4612,2,29,29.49853,'2017-05-30 10:14:06'),(4622,3,0.445,0.48001,'2017-05-30 10:14:06'),(4632,4,2197.4676,2428.78,'2017-05-30 10:14:06'),(4642,4,2305.03,2305.22,'2017-05-30 10:14:06'),(4652,1,26.15,26.45503,'2017-05-30 15:18:39'),(4662,2,29,29.67359,'2017-05-30 15:18:39'),(4672,3,0.445,0.48001,'2017-05-30 15:18:39'),(4682,4,2139.5675,2364.7851,'2017-05-30 15:18:39'),(4692,4,2247.37,2248.45,'2017-05-30 15:18:39'),(4702,1,26.15,26.45503,'2017-05-31 08:03:51'),(4712,2,29.2,29.67359,'2017-05-31 08:03:51'),(4722,3,0.445,0.48001,'2017-05-31 08:03:51'),(4732,4,2113.2857,2335.7369,'2017-05-31 08:03:51'),(4742,4,2221.68,2227.96,'2017-05-31 08:03:51'),(4752,1,26.15,26.45503,'2017-05-31 13:14:25'),(4762,2,29.2,29.67359,'2017-05-31 13:14:25'),(4772,3,0.445,0.48001,'2017-05-31 13:14:25'),(4782,4,2112.9615,2335.3785,'2017-05-31 13:14:25'),(4792,4,2223.8,2224.86,'2017-05-31 13:14:25'),(4802,1,26.1,26.45503,'2017-06-01 14:25:04'),(4812,2,29.2,29.7619,'2017-06-01 14:25:04'),(4822,3,0.445,0.48001,'2017-06-01 14:25:04'),(4832,4,2343.1275,2589.7725,'2017-06-01 14:25:04'),(4842,4,2422.39,2422.6,'2017-06-01 14:25:04'),(4852,1,26.1,26.45503,'2017-06-02 09:04:16'),(4862,2,29.2,29.7619,'2017-06-02 09:04:16'),(4872,3,0.445,0.48001,'2017-06-02 09:04:16'),(4882,4,2336.7578,2582.7323,'2017-06-02 09:04:17'),(4892,4,2420.65,2426.63,'2017-06-02 09:04:17'),(4902,1,26.1,26.45503,'2017-06-05 16:58:16'),(4912,2,29.2,29.7619,'2017-06-05 16:58:16'),(4922,3,0.445,0.48001,'2017-06-05 16:58:16'),(4932,4,2611.68,2611.7,'2017-06-05 16:58:16'),(4942,1,26.07,26.38522,'2017-06-06 10:26:31'),(4952,2,29.2,29.7619,'2017-06-06 10:26:31'),(4962,3,0.445,0.48001,'2017-06-06 10:26:31'),(4972,4,2858.45,2858.5,'2017-06-06 10:26:31'),(4982,1,25.9,26.31579,'2017-06-10 20:39:58'),(4992,2,28.9,29.41176,'2017-06-10 20:39:58'),(5002,3,0.44,0.48001,'2017-06-10 20:39:58'),(5012,4,2756.3051,3046.4425,'2017-06-10 20:39:58'),(5022,4,2870.06,2873.96,'2017-06-10 20:39:58'),(5032,1,25.9,26.31579,'2017-06-11 16:29:52'),(5042,2,28.9,29.41176,'2017-06-11 16:29:52'),(5052,3,0.44,0.48001,'2017-06-11 16:29:52'),(5062,4,2839.4182,3138.3044,'2017-06-11 16:29:52'),(5072,4,2935.03,2936.38,'2017-06-11 16:29:52'),(5082,1,25.85,26.17801,'2017-06-16 02:02:07'),(5092,2,28.7,29.23977,'2017-06-16 02:02:07'),(5102,3,0.437,0.47001,'2017-06-16 02:02:07'),(5112,4,2265.3843,2503.8458,'2017-06-16 02:02:07'),(5122,4,2321,2321.11,'2017-06-16 02:02:07'),(5132,1,25.8,26.24672,'2017-07-01 11:41:28'),(5142,2,29.1,29.94012,'2017-07-01 11:41:28'),(5152,3,0.42,0.46,'2017-07-01 11:41:28'),(5162,4,2403.9572,2657.0054,'2017-07-01 11:41:28'),(5172,4,2496.08,2502.98,'2017-07-01 11:41:28'),(5182,1,25.8,26.17801,'2017-07-07 12:42:10'),(5192,2,29.1,29.85075,'2017-07-07 12:42:10'),(5202,3,0.415,0.46,'2017-07-07 12:42:10'),(5212,4,2420.2972,2675.0654,'2017-07-07 12:42:10'),(5222,4,2522,2521.3,'2017-07-07 12:42:10'),(5232,1,25.8,26.17801,'2017-07-07 20:25:14'),(5242,2,29.1,29.85075,'2017-07-07 20:25:14'),(5252,3,0.415,0.46,'2017-07-07 20:25:14'),(5262,4,2408.2299,2661.7277,'2017-07-07 20:25:14'),(5272,4,2518.12,2513.34,'2017-07-07 20:25:14'),(5282,1,25.8,26.17801,'2017-07-10 06:30:05'),(5292,2,29.1,29.85075,'2017-07-10 06:30:05'),(5302,3,0.415,0.46,'2017-07-10 06:30:05'),(5312,4,2400.289,2652.951,'2017-07-10 06:30:05'),(5322,4,2507.85,2503.46,'2017-07-10 06:30:05'),(5332,1,25.8,26.17801,'2017-07-11 02:01:11'),(5342,2,29.1,29.85075,'2017-07-11 02:01:11'),(5352,3,0.415,0.46,'2017-07-11 02:01:11'),(5362,4,2273.4308,2512.7393,'2017-07-11 02:01:11'),(5372,4,2354.2,2351.01,'2017-07-11 02:01:11'),(5382,1,25.8,26.17801,'2017-07-12 06:45:10'),(5392,2,29.1,29.85075,'2017-07-12 06:45:10'),(5402,3,0.415,0.46,'2017-07-12 06:45:10'),(5412,4,2220.0384,2453.7266,'2017-07-12 06:45:10'),(5422,4,2325,2324.99,'2017-07-12 06:45:10'),(5432,1,25.8,26.17801,'2017-07-16 03:57:48'),(5442,2,29.3,30.03003,'2017-07-16 03:57:48'),(5452,3,0.42,0.46,'2017-07-16 03:57:48'),(5462,4,1945.8708,2150.6993,'2017-07-16 03:57:48'),(5472,4,2019.14,2019,'2017-07-16 03:57:48'),(5482,1,25.8,26.17801,'2017-07-17 09:19:10'),(5492,2,29.3,30.03003,'2017-07-17 09:19:10'),(5502,3,0.42,0.46,'2017-07-17 09:19:10'),(5512,4,1964.0051,2170.7425,'2017-07-17 09:19:10'),(5522,4,2039,2037.01,'2017-07-17 09:19:10'),(5532,1,25.75,26.10966,'2017-07-19 11:31:48'),(5542,2,29.5,30.21148,'2017-07-19 11:31:48'),(5552,3,0.42,0.46,'2017-07-19 11:31:48'),(5562,4,2253.3371,2490.5305,'2017-07-19 11:31:48'),(5572,4,2353.5,2351.14,'2017-07-19 11:31:48'),(5582,1,25.7,26.10966,'2017-07-25 04:11:11'),(5592,2,29.7,30.4878,'2017-07-25 04:11:11'),(5602,3,0.42,0.46,'2017-07-25 04:11:11'),(5612,4,2634.2978,2911.5923,'2017-07-25 04:11:11'),(5622,4,2756.51,2751.76,'2017-07-25 04:11:11'),(5632,1,25.7,26.10966,'2017-07-26 13:23:09'),(5642,2,29.7,30.4878,'2017-07-26 13:23:09'),(5652,3,0.42,0.46,'2017-07-26 13:23:09'),(5662,4,2382.4397,2633.2229,'2017-07-26 13:23:09'),(5672,4,2489.99,2483.05,'2017-07-26 13:23:09'),(5682,1,25.75,26.04167,'2017-07-28 13:01:39'),(5692,2,30,30.4878,'2017-07-28 13:01:39'),(5702,3,0.42,0.46,'2017-07-28 13:01:39'),(5712,4,2660.7363,2940.8138,'2017-07-28 13:01:39'),(5722,4,2786.36,2785.01,'2017-07-28 13:01:39'),(5732,1,25.7,26.04167,'2017-07-31 09:37:40'),(5742,2,30,30.4878,'2017-07-31 09:37:40'),(5752,3,0.415,0.45,'2017-07-31 09:37:40'),(5762,4,2601.0596,2874.8554,'2017-07-31 09:37:40'),(5772,4,2705.57,2701.05,'2017-07-31 09:37:40'),(5782,1,25.73,26.04167,'2017-08-02 14:15:47'),(5792,2,30.2,30.76923,'2017-08-02 14:15:47'),(5802,3,0.415,0.45,'2017-08-02 14:15:47'),(5812,4,2571.8864,2842.6112,'2017-08-02 14:15:47'),(5822,4,2697.92,2697.91,'2017-08-02 14:15:47'),(5832,1,25.68,26.04167,'2017-08-04 11:28:53'),(5842,2,30.3,30.8642,'2017-08-04 11:28:53'),(5852,3,0.415,0.45,'2017-08-04 11:28:53'),(5862,4,2747.7171,3036.9505,'2017-08-04 11:28:53'),(5872,4,2873,2871.99,'2017-08-04 11:28:53'),(5882,1,25.58,25.90674,'2017-08-09 10:33:16'),(5892,2,29.8,30.39514,'2017-08-09 10:33:16'),(5902,3,0.415,0.45,'2017-08-09 10:33:16'),(5912,4,3178.0529,3512.5847,'2017-08-09 10:33:16'),(5922,4,3299.96,3294.46,'2017-08-09 10:33:16'),(5932,1,25.58,25.90674,'2017-08-09 15:47:36'),(5942,2,29.7,30.30303,'2017-08-09 15:47:36'),(5952,3,0.415,0.45,'2017-08-09 15:47:36'),(5962,4,3158.6526,3491.1424,'2017-08-09 15:47:37'),(5972,4,3285,3284.99,'2017-08-09 15:47:37'),(5982,1,25.55,25.90674,'2017-08-11 12:41:05'),(5992,2,29.9,30.67485,'2017-08-11 12:41:05'),(6002,3,0.415,0.45,'2017-08-11 12:41:05'),(6012,4,3377.0375,3732.5151,'2017-08-11 12:41:05'),(6022,4,3519,3518,'2017-08-11 12:41:05'),(6032,1,25.47,25.7732,'2017-08-15 09:53:59'),(6042,2,29.8,30.30303,'2017-08-15 09:53:59'),(6052,3,0.415,0.45,'2017-08-15 09:53:59'),(6062,4,3954.6481,4370.9269,'2017-08-15 09:53:59'),(6072,4,4102.37,4092.5,'2017-08-15 09:53:59'),(6082,1,25.38,25.70694,'2017-08-17 07:15:03'),(6092,2,29.8,30.30303,'2017-08-17 07:15:03'),(6102,3,0.415,0.45,'2017-08-17 07:15:03'),(6112,4,4136.7549,4572.2027,'2017-08-17 07:15:03'),(6122,4,4310.76,4300.06,'2017-08-17 07:15:03'),(6132,1,25.38,25.70694,'2017-08-17 10:38:15'),(6142,2,29.8,30.30303,'2017-08-17 10:38:15'),(6152,3,0.415,0.45,'2017-08-17 10:38:15'),(6162,4,4258.9605,4707.2721,'2017-08-17 10:38:15'),(6172,4,4448.36,4427.13,'2017-08-17 10:38:15'),(6182,1,25.3,25.57545,'2017-08-21 09:45:49'),(6192,2,29.6,30.03003,'2017-08-21 09:45:49'),(6202,3,0.415,0.45,'2017-08-21 09:45:49'),(6212,4,3927.5043,4340.9258,'2017-08-21 09:45:49'),(6222,4,4067.93,4065.92,'2017-08-21 09:45:49'),(6232,1,25.4,25.70694,'2017-08-23 12:24:18'),(6242,2,29.8,30.30303,'2017-08-23 12:24:18'),(6252,3,0.415,0.45,'2017-08-23 12:24:18'),(6262,4,4083.1654,4512.9722,'2017-08-23 12:24:18'),(6272,4,4247.7,4245.16,'2017-08-23 12:24:18'),(6282,1,25.4,25.70694,'2017-08-23 14:31:15'),(6292,2,29.8,30.30303,'2017-08-23 14:31:15'),(6302,3,0.415,0.45,'2017-08-23 14:31:15'),(6312,4,4037.88,4462.92,'2017-08-23 14:31:15'),(6322,4,4192.2,4188.68,'2017-08-23 14:31:15'),(6332,1,25.4,25.70694,'2017-08-24 18:01:32'),(6342,2,29.8,30.30303,'2017-08-24 18:01:32'),(6352,3,0.415,0.45,'2017-08-24 18:01:32'),(6362,4,4041.3974,4466.8076,'2017-08-24 18:01:32'),(6372,4,4206.49,4205.37,'2017-08-24 18:01:32'),(6382,1,25.3,25.64103,'2017-08-29 11:15:19'),(6392,2,30.2,30.8642,'2017-08-29 11:15:19'),(6402,3,0.415,0.45,'2017-08-29 11:15:19'),(6412,4,4205.5194,4648.2056,'2017-08-29 11:15:19'),(6422,4,4364.85,4364.31,'2017-08-29 11:15:19'),(6432,1,25.3,25.64103,'2017-08-29 13:12:02'),(6442,2,30.2,30.8642,'2017-08-29 13:12:02'),(6452,3,0.415,0.45,'2017-08-29 13:12:02'),(6462,4,4282.1215,4732.8711,'2017-08-29 13:12:02'),(6472,4,4444.38,4442.95,'2017-08-29 13:12:02'),(6482,1,25.3,25.64103,'2017-08-29 14:34:34'),(6492,2,30.2,30.8642,'2017-08-29 14:34:34'),(6502,3,0.415,0.45,'2017-08-29 14:34:34'),(6512,4,4392.7525,4855.1475,'2017-08-29 14:34:34'),(6522,4,4573.93,4571.32,'2017-08-29 14:34:34'),(6532,1,25.4,25.70694,'2017-08-30 11:12:17'),(6542,2,30.1,30.76923,'2017-08-30 11:12:17'),(6552,3,0.415,0.45,'2017-08-30 11:12:17'),(6562,4,4355.845,4814.355,'2017-08-30 11:12:17'),(6572,4,4537.09,4535.77,'2017-08-30 11:12:17'),(6582,1,25.8,26.24672,'2017-09-05 10:45:08'),(6592,2,30.6,31.25,'2017-09-05 10:45:08'),(6602,3,0.435,0.46512,'2017-09-05 10:45:08'),(6612,4,4067.539,4495.701,'2017-09-05 10:45:08'),(6622,4,4248.28,4246.43,'2017-09-05 10:45:08'),(6632,1,25.8,26.24672,'2017-09-05 12:11:49'),(6642,2,30.6,31.25,'2017-09-05 12:11:49'),(6652,3,0.435,0.46512,'2017-09-05 12:11:49'),(6662,4,4159.7769,4597.6481,'2017-09-05 12:11:49'),(6672,4,4273.02,4270.46,'2017-09-05 12:11:49'),(6682,1,25.8,26.31579,'2017-09-05 20:56:31'),(6692,2,30.7,31.34796,'2017-09-05 20:56:31'),(6702,3,0.44,0.46999,'2017-09-05 20:56:31'),(6712,4,4202.6314,4645.0136,'2017-09-05 20:56:31'),(6722,4,4412.78,4411.06,'2017-09-05 20:56:31'),(6732,1,25.8,26.31579,'2017-09-06 05:37:13'),(6742,2,30.7,31.34796,'2017-09-06 05:37:13'),(6752,3,0.44,0.46999,'2017-09-06 05:37:13'),(6762,4,4293.9763,4745.9738,'2017-09-06 05:37:13'),(6772,4,4424.07,4421.41,'2017-09-06 05:37:13'),(6782,1,25.95,26.38522,'2017-09-06 11:48:48'),(6792,2,30.8,31.44654,'2017-09-06 11:48:48'),(6802,3,0.44,0.46999,'2017-09-06 11:48:48'),(6812,4,4293.9763,4745.9738,'2017-09-06 11:48:48'),(6822,4,4573.67,4572.71,'2017-09-06 11:48:48'),(6832,1,26,26.5252,'2017-09-06 14:56:04'),(6842,2,30.8,31.44654,'2017-09-06 14:56:04'),(6852,3,0.44,0.46999,'2017-09-06 14:56:04'),(6862,4,4360.9549,4820.0027,'2017-09-06 14:56:04'),(6872,4,4539.46,4539.06,'2017-09-06 14:56:04'),(6882,1,26.05,26.5252,'2017-09-08 00:15:45'),(6892,2,30.9,31.64557,'2017-09-08 00:15:45'),(6902,3,0.445,0.46999,'2017-09-08 00:15:45'),(6912,4,4390.6934,4852.8716,'2017-09-08 00:15:45'),(6922,4,4601.31,4600.16,'2017-09-08 00:15:45'),(6932,1,25.9,26.45503,'2017-09-08 19:48:26'),(6942,2,30.9,31.74603,'2017-09-08 19:48:26'),(6952,3,0.443,0.46999,'2017-09-08 19:48:26'),(6962,4,4041.724,4467.1686,'2017-09-08 19:48:26'),(6972,4,4257.41,4252.25,'2017-09-08 19:48:26'),(6982,1,26,26.31579,'2017-09-13 16:18:36'),(6992,2,31,31.54574,'2017-09-13 16:18:36'),(7002,3,0.44,0.47001,'2017-09-13 16:18:36'),(7012,4,3644.1252,4027.7174,'2017-09-13 16:18:36'),(7022,4,3828.13,3825.63,'2017-09-13 16:18:36'),(7032,1,26,26.45503,'2017-09-14 21:49:25'),(7042,2,30.9,31.44654,'2017-09-14 21:49:25'),(7052,3,0.44,0.47001,'2017-09-14 21:49:25'),(7062,4,3161.4516,3494.236,'2017-09-14 21:49:25'),(7072,4,3325.84,3323.53,'2017-09-14 21:49:25'),(7082,1,26.1,26.45503,'2017-09-18 13:22:42'),(7092,2,31.1,31.54574,'2017-09-18 13:22:42'),(7102,3,0.445,0.47001,'2017-09-18 13:22:42'),(7112,4,3857.5581,4263.6169,'2017-09-18 13:22:42'),(7122,4,4083.52,4080.61,'2017-09-18 13:22:42'),(7132,1,26.35,26.59574,'2017-09-28 11:00:43'),(7142,2,30.9,31.34796,'2017-09-28 11:00:43'),(7152,3,0.44,0.47001,'2017-09-28 11:00:43'),(7162,4,3967.7427,4385.3999,'2017-09-28 11:00:43'),(7172,4,4172.52,4170.35,'2017-09-28 11:00:43'),(7182,1,26.35,26.59574,'2017-09-29 03:07:30'),(7192,2,30.9,31.34796,'2017-09-29 03:07:30'),(7202,3,0.44,0.47001,'2017-09-29 03:07:30'),(7212,4,3881.2203,4289.7698,'2017-09-29 03:07:30'),(7222,4,4094.01,4093.74,'2017-09-29 03:07:31'),(7232,1,26.4,26.59574,'2017-09-29 12:32:51'),(7242,2,31,31.34796,'2017-09-29 12:32:51'),(7252,3,0.445,0.47001,'2017-09-29 12:32:51'),(7262,4,3994.4199,4414.8851,'2017-09-29 12:32:51'),(7272,4,4203.62,4202.4,'2017-09-29 12:32:51'),(7282,1,26.4,26.59574,'2017-09-29 14:00:49'),(7292,2,31,31.34796,'2017-09-29 14:00:49'),(7302,3,0.445,0.47001,'2017-09-29 14:00:49'),(7312,4,3983.1185,4402.3941,'2017-09-29 14:00:49'),(7322,4,4183.7,4182.04,'2017-09-29 14:00:49'),(7341,1,26.4,26.59574,'2017-09-29 15:26:41'),(7351,2,31,31.34796,'2017-09-29 15:26:41'),(7361,3,0.445,0.47001,'2017-09-29 15:26:41'),(7371,4,3989.6735,4409.6391,'2017-09-29 15:26:41'),(7381,4,4193.91,4193.73,'2017-09-29 15:26:41'),(7391,1,26.4,26.59574,'2017-10-02 06:39:35'),(7401,2,31,31.34796,'2017-10-02 06:39:35'),(7411,3,0.445,0.47001,'2017-10-02 06:39:35'),(7421,4,4202.8238,4645.2263,'2017-10-02 06:39:35'),(7431,4,4433.6,4433.5,'2017-10-02 06:39:35'),(7441,1,26.45,26.66667,'2017-10-02 09:22:16'),(7451,2,31,31.44654,'2017-10-02 09:22:16'),(7461,3,0.445,0.47001,'2017-10-02 09:22:16'),(7471,4,4219.8395,4664.0331,'2017-10-02 09:22:16'),(7481,4,4448.47,4446.78,'2017-10-02 09:22:16'),(7491,1,26.7,27.10027,'2017-10-04 07:15:34'),(7501,2,31.2,31.84713,'2017-10-04 07:15:34'),(7511,3,0.445,0.48001,'2017-10-04 07:15:34'),(7521,4,4110.6109,4543.3067,'2017-10-04 07:15:34'),(7531,4,4327.05,4325.66,'2017-10-04 07:15:34'),(7541,1,26.75,27.24796,'2017-10-04 11:47:19'),(7551,2,31.3,31.94888,'2017-10-04 11:47:19'),(7561,3,0.45,0.48001,'2017-10-04 11:47:19'),(7571,4,4029.3538,4453.4963,'2017-10-04 11:47:19'),(7581,4,4238.56,4237.81,'2017-10-04 11:47:19'),(7591,1,26.75,27.24796,'2017-10-04 14:22:35'),(7601,2,31.3,31.94888,'2017-10-04 14:22:35'),(7611,3,0.45,0.48001,'2017-10-04 14:22:35'),(7621,4,4008.8564,4430.8412,'2017-10-04 14:22:35'),(7631,4,4214.13,4213.07,'2017-10-04 14:22:35'),(7641,1,26.75,27.24796,'2017-10-04 18:57:47'),(7651,2,31.3,31.94888,'2017-10-04 18:57:47'),(7661,3,0.45,0.48001,'2017-10-04 18:57:47'),(7671,4,3986.8175,4406.4825,'2017-10-04 18:57:47'),(7681,4,4197,4196.74,'2017-10-04 18:57:47'),(7691,1,26.8,27.17391,'2017-10-05 10:52:10'),(7701,2,31.4,31.94888,'2017-10-05 10:52:10'),(7711,3,0.45,0.48001,'2017-10-05 10:52:10'),(7721,4,4023.8319,4447.3931,'2017-10-05 10:52:10'),(7731,4,4237.55,4235.98,'2017-10-05 10:52:10'),(7741,1,26.5,27.02703,'2017-10-06 13:41:02'),(7751,2,31,31.74603,'2017-10-06 13:41:02'),(7761,3,0.45,0.48001,'2017-10-06 13:41:02'),(7771,4,4140.6296,4576.4854,'2017-10-06 13:41:02'),(7781,4,4352.18,4350.36,'2017-10-06 13:41:02'),(7791,1,26.5,27.02703,'2017-10-07 19:44:16'),(7801,2,31,31.74603,'2017-10-07 19:44:16'),(7811,3,0.45,0.48001,'2017-10-07 19:44:16'),(7821,4,4132.6912,4567.7114,'2017-10-07 19:44:16'),(7831,4,4342.53,4341.15,'2017-10-07 19:44:16'),(7841,1,26.5,26.95418,'2017-10-11 08:09:11'),(7851,2,31.2,31.84713,'2017-10-11 08:09:11'),(7861,3,0.45,0.48001,'2017-10-11 08:09:11'),(7871,4,4558.7033,5038.5668,'2017-10-11 08:09:11'),(7881,4,4810.05,4809.95,'2017-10-11 08:09:11'),(7891,1,26.5,26.95418,'2017-10-12 08:49:57'),(7901,2,31.2,31.84713,'2017-10-12 08:49:57'),(7911,3,0.45,0.48001,'2017-10-12 08:49:57'),(7921,4,4836.38,5345.4726,'2017-10-12 08:49:57'),(7931,4,5099.76,5098.34,'2017-10-12 08:49:57'),(7941,1,26.5,26.95418,'2017-10-12 13:00:21'),(7951,2,31.2,31.84713,'2017-10-12 13:00:21'),(7961,3,0.45,0.48001,'2017-10-12 13:00:21'),(7971,4,4947.1416,5467.8934,'2017-10-12 13:00:21'),(7981,4,5217.05,5214.91,'2017-10-12 13:00:21'),(7991,1,26.3,26.80965,'2017-10-18 08:32:59'),(8001,2,31,31.64557,'2017-10-18 08:32:59'),(8011,3,0.45,0.48001,'2017-10-18 08:32:59'),(8021,4,5034.2721,5564.1955,'2017-10-18 08:32:59'),(8031,4,5298.41,5297.37,'2017-10-18 08:32:59'),(8041,1,26.3,26.80965,'2017-10-20 20:51:33'),(8051,2,31,31.74603,'2017-10-20 20:51:33'),(8061,3,0.45,0.48001,'2017-10-20 20:51:33'),(8071,4,5678.0325,6275.7201,'2017-10-20 20:51:33'),(8081,4,5982.33,5980.49,'2017-10-20 20:51:33'),(8091,1,26.8,27.10027,'2017-11-02 22:21:34'),(8101,2,31.15,31.64557,'2017-11-02 22:21:34'),(8111,3,0.45,0.48001,'2017-11-02 22:21:34'),(8121,4,6707.5142,7413.5684,'2017-11-02 22:21:34'),(8131,4,7062.22,7061.54,'2017-11-02 22:21:34'),(8141,1,26.8,27.10027,'2017-11-06 11:39:47'),(8151,2,31.1,31.54574,'2017-11-06 11:39:47'),(8161,3,0.44,0.47001,'2017-11-06 11:39:47'),(8171,4,6961.0645,7693.8081,'2017-11-06 11:39:47'),(8181,4,7332.3,7330.03,'2017-11-06 11:39:47'),(8191,1,26.75,27.02703,'2017-11-06 14:54:08'),(8201,2,31,31.44654,'2017-11-06 14:54:08'),(8211,3,0.44,0.47001,'2017-11-06 14:54:08'),(8221,4,6932.2735,7661.9865,'2017-11-06 14:54:08'),(8231,4,7303.8,7299.43,'2017-11-06 14:54:08'),(8241,1,26.75,27.02703,'2017-11-07 08:28:24'),(8251,2,31,31.44654,'2017-11-07 08:28:24'),(8261,3,0.44,0.47001,'2017-11-07 08:28:24'),(8271,4,6805.2479,7521.5897,'2017-11-07 08:28:24'),(8281,4,7168.26,7162.98,'2017-11-07 08:28:24'),(8291,1,26.75,27.02703,'2017-11-24 11:50:44'),(8301,2,31.5,32.05128,'2017-11-24 11:50:44'),(8311,3,0.44,0.47001,'2017-11-24 11:50:44'),(8321,4,7836.9371,8661.8779,'2017-11-24 11:50:44'),(8331,4,8244.24,8238,'2017-11-24 11:50:44'),(8341,1,27.05,27.24796,'2017-12-07 11:21:08'),(8351,2,31.9,32.36246,'2017-12-07 11:21:08'),(8361,3,0.45,0.47001,'2017-12-07 11:21:08'),(8371,4,13992.4752,15465.3674,'2017-12-07 11:21:08'),(8381,4,14709.2,14698.76,'2017-12-07 11:21:08'),(8391,1,27.05,27.24796,'2017-12-08 11:26:06'),(8401,2,31.8,32.15434,'2017-12-08 11:26:06'),(8411,3,0.45,0.47001,'2017-12-08 11:26:06'),(8421,4,13847.2784,15304.8866,'2017-12-08 11:26:07'),(8431,4,14525.82,14510.35,'2017-12-08 11:26:07'),(8441,1,27.05,27.24796,'2017-12-08 18:33:22'),(8451,2,31.8,32.15434,'2017-12-08 18:33:23'),(8461,3,0.45,0.47001,'2017-12-08 18:33:23'),(8471,4,14233.5745,15731.8455,'2017-12-08 18:33:23'),(8481,4,14797.18,14790.91,'2017-12-08 18:33:23'),(8491,1,27.05,27.24796,'2017-12-10 09:31:23'),(8501,2,31.8,32.15434,'2017-12-10 09:31:23'),(8511,3,0.45,0.47001,'2017-12-10 09:31:23'),(8521,4,12925.1977,14285.7449,'2017-12-10 09:31:23'),(8531,4,13340.21,13324.86,'2017-12-10 09:31:23'),(8541,1,27.1,27.3224,'2017-12-11 14:24:25'),(8551,2,31.9,32.25806,'2017-12-11 14:24:25'),(8561,3,0.45,0.47001,'2017-12-11 14:24:25'),(8571,4,15715.7004,17369.9846,'2017-12-11 14:24:25'),(8581,4,16366.28,16365.22,'2017-12-11 14:24:25'),(8591,1,27.3,27.93296,'2017-12-15 12:40:46'),(8601,2,32.2,32.89474,'2017-12-15 12:40:46'),(8611,3,0.46,0.49,'2017-12-15 12:40:46'),(8621,4,16943.5434,18727.0742,'2017-12-15 12:40:46'),(8631,4,17895.39,17877.3,'2017-12-15 12:40:46'),(8641,1,27.65,28.0112,'2017-12-16 12:53:41'),(8651,2,32.6,33.11258,'2017-12-16 12:53:41'),(8661,3,0.46,0.49,'2017-12-16 12:53:41'),(8671,4,17166.0547,18973.0079,'2017-12-16 12:53:41'),(8681,4,17962.48,17958.02,'2017-12-16 12:53:41'),(8691,1,27.65,28.0112,'2017-12-16 19:05:38'),(8701,2,32.6,33.11258,'2017-12-16 19:05:38'),(8711,3,0.46,0.49,'2017-12-16 19:05:38'),(8721,4,17882.3963,19764.7538,'2017-12-16 19:05:38'),(8731,4,18766.91,18762.16,'2017-12-16 19:05:38'),(8741,1,27.8,28.32861,'2017-12-18 08:00:07'),(8751,2,32.7,33.33333,'2017-12-18 08:00:07'),(8761,3,0.465,0.49,'2017-12-18 08:00:07'),(8771,4,17746.4644,19614.5132,'2017-12-18 08:00:07'),(8781,4,18560.02,18554.31,'2017-12-18 08:00:07'),(8791,1,27.7,28.16901,'2017-12-20 00:56:06'),(8801,2,32.7,33.33333,'2017-12-20 00:56:06'),(8811,3,0.46,0.49,'2017-12-20 00:56:06'),(8821,4,15712.5559,17366.5091,'2017-12-20 00:56:06'),(8831,4,16405.63,16376.09,'2017-12-20 00:56:06'),(8841,1,27.7,28.16901,'2017-12-20 05:40:36'),(8851,2,32.7,33.33333,'2017-12-20 05:40:36'),(8861,3,0.46,0.49,'2017-12-20 05:40:36'),(8871,4,15920.2853,17596.1048,'2017-12-20 05:40:36'),(8881,4,16613.96,16599.34,'2017-12-20 05:40:36'),(8891,1,27.7,28.16901,'2017-12-20 07:55:16'),(8901,2,32.7,33.33333,'2017-12-20 07:55:16'),(8911,3,0.46,0.49,'2017-12-20 07:55:16'),(8921,4,15818.1282,17483.1944,'2017-12-20 07:55:16'),(8931,4,16528.81,16505.17,'2017-12-20 07:55:16'),(8941,1,27.7,28.0112,'2017-12-20 11:03:20'),(8951,2,32.8,33.22259,'2017-12-20 11:03:20'),(8961,3,0.465,0.49,'2017-12-20 11:03:20'),(8971,4,16463.2424,18196.2152,'2017-12-20 11:03:20'),(8981,4,17263.47,17243.09,'2017-12-20 11:03:20'),(8991,1,27.65,28.0112,'2017-12-20 16:05:20'),(9001,2,32.7,33.22259,'2017-12-20 16:05:20'),(9011,3,0.465,0.49,'2017-12-20 16:05:20'),(9021,4,15613.9103,17257.4798,'2017-12-20 16:05:20'),(9031,4,16441.03,16435.55,'2017-12-20 16:05:20'),(9041,1,27.75,28.08989,'2017-12-23 20:38:11'),(9051,2,32.9,33.33333,'2017-12-23 20:38:11'),(9061,3,0.465,0.49,'2017-12-23 20:38:11'),(9071,4,14542.8459,16073.6717,'2017-12-23 20:38:11'),(9081,4,15000.46,14993.39,'2017-12-23 20:38:11'),(9091,1,27.75,28.08989,'2017-12-25 09:19:01'),(9101,2,32.9,33.33333,'2017-12-25 09:19:01'),(9111,3,0.465,0.49,'2017-12-25 09:19:01'),(9121,4,13408.6242,14820.0584,'2017-12-25 09:19:01'),(9131,4,13882.19,13867.54,'2017-12-25 09:19:01'),(9141,1,27.7,28.0112,'2017-12-27 05:59:55'),(9151,2,32.8,33.22259,'2017-12-27 05:59:55'),(9161,3,0.465,0.49,'2017-12-27 05:59:55'),(9171,4,15556.1705,17193.6621,'2017-12-27 05:59:55'),(9181,4,16361.72,16357.37,'2017-12-27 05:59:55'),(9191,1,27.7,28.0112,'2017-12-27 11:27:33'),(9201,2,32.8,33.22259,'2017-12-27 11:27:33'),(9211,3,0.465,0.49,'2017-12-27 11:27:33'),(9221,4,14882.7166,16449.3184,'2017-12-27 11:27:33'),(9231,4,15621.44,15616.15,'2017-12-27 11:27:33'),(9241,1,27.7,28.0112,'2017-12-27 14:58:31'),(9251,2,32.8,33.22259,'2017-12-27 14:58:31'),(9261,3,0.465,0.49,'2017-12-27 14:58:32'),(9271,4,14514.7021,16042.5655,'2017-12-27 14:58:32'),(9281,4,15282.88,15264.53,'2017-12-27 14:58:32'),(9291,1,27.7,28.0112,'2017-12-27 16:40:49'),(9301,2,32.8,33.22259,'2017-12-27 16:40:49'),(9311,3,0.465,0.49,'2017-12-27 16:40:50'),(9321,4,14098.5795,15582.6405,'2017-12-27 16:40:50'),(9331,4,14812.24,14798.74,'2017-12-27 16:40:50'),(9341,1,27.8,28.16901,'2017-12-28 09:12:19'),(9351,2,33,33.55705,'2017-12-28 09:12:19'),(9361,3,0.47,0.5,'2017-12-28 09:12:19'),(9371,4,13493.4604,14913.8246,'2017-12-28 09:12:19'),(9381,4,14157.23,14146.3,'2017-12-28 09:12:19'),(9391,1,27.9,28.32861,'2017-12-29 19:51:58'),(9401,2,33.3,33.89831,'2017-12-29 19:51:58'),(9411,3,0.47,0.5,'2017-12-29 19:51:58'),(9421,4,13864.1171,15323.4979,'2017-12-29 19:51:58'),(9431,4,14602.26,14587.57,'2017-12-29 19:51:58'),(9441,1,27.9,28.32861,'2017-12-30 15:22:12'),(9451,2,33.3,33.89831,'2017-12-30 15:22:12'),(9461,3,0.47,0.5,'2017-12-30 15:22:12'),(9471,4,12191.5222,13474.8404,'2017-12-30 15:22:12'),(9481,4,12464.16,12452.7,'2017-12-30 15:22:12'),(9491,1,27.9,28.32861,'2017-12-31 16:26:43'),(9501,2,33.3,33.89831,'2017-12-31 16:26:43'),(9511,3,0.47,0.5,'2017-12-31 16:26:43'),(9521,4,13135.9303,14518.6598,'2017-12-31 16:26:43'),(9531,4,13834.07,13823.21,'2017-12-31 16:26:43'),(9541,1,27.9,28.32861,'2018-01-02 07:49:23'),(9551,2,33.3,33.89831,'2018-01-02 07:49:23'),(9561,3,0.47,0.5,'2018-01-02 07:49:23'),(9571,4,12696.661,14033.1516,'2018-01-02 07:49:23'),(9581,4,13308.25,13298.06,'2018-01-02 07:49:23'),(9591,1,27.9,28.32861,'2018-01-02 15:40:09'),(9601,2,33.4,34.01361,'2018-01-02 15:40:09'),(9611,3,0.475,0.5,'2018-01-02 15:40:09'),(9621,4,12976.392,14342.328,'2018-01-02 15:40:09'),(9631,4,13633.9,13626.81,'2018-01-02 15:40:09'),(9641,1,27.9,28.24859,'2018-01-04 13:42:06'),(9651,2,33.3,34.01361,'2018-01-04 13:42:06'),(9661,3,0.47,0.4902,'2018-01-04 13:42:06'),(9671,4,13869.0417,15328.9409,'2018-01-04 13:42:06'),(9681,4,14575.07,14564.35,'2018-01-04 13:42:06'),(9691,1,28.08,28.40909,'2018-01-06 00:15:35'),(9701,2,33.65,34.24658,'2018-01-06 00:15:35'),(9711,3,0.47,0.5,'2018-01-06 00:15:35'),(9721,4,15908.2714,17582.8262,'2018-01-06 00:15:35'),(9731,4,16734.06,16725.65,'2018-01-06 00:15:35'),(9741,1,28.08,28.40909,'2018-01-07 19:04:24'),(9751,2,33.65,34.24658,'2018-01-07 19:04:24'),(9761,3,0.47,0.5,'2018-01-07 19:04:24'),(9771,4,16130.59,16123.58,'2018-01-07 19:04:24'),(9781,1,28.08,28.32861,'2018-01-09 10:14:27'),(9791,2,33.5,34.01361,'2018-01-09 10:14:27'),(9801,3,0.475,0.5,'2018-01-09 10:14:27'),(9811,4,14055.6633,15535.2068,'2018-01-09 10:14:27'),(9821,4,14782.17,14777.55,'2018-01-09 10:14:27'),(9831,1,28.35,28.6533,'2018-01-11 15:27:32'),(9841,2,33.75,34.36426,'2018-01-11 15:27:32'),(9851,3,0.48,0.505,'2018-01-11 15:27:32'),(9861,4,13410.5005,14822.1321,'2018-01-11 15:27:32'),(9871,4,14135.81,14126.64,'2018-01-11 15:27:32'),(9881,1,28.4,28.6533,'2018-01-13 07:33:29'),(9891,2,34,34.72222,'2018-01-13 07:33:29'),(9901,3,0.482,0.507,'2018-01-13 07:33:29'),(9911,4,13652.3111,15089.3965,'2018-01-13 07:33:29'),(9921,4,14379.38,14376.34,'2018-01-13 07:33:29'),(9931,1,28.4,28.6533,'2018-01-15 22:16:30'),(9941,2,34.6,35.08772,'2018-01-15 22:16:30'),(9951,3,0.49,0.51002,'2018-01-15 22:16:30'),(9961,4,13205.9109,14596.0067,'2018-01-15 22:16:30'),(9971,4,13876.3,13873.66,'2018-01-15 22:16:30'),(9981,1,28.45,28.73563,'2018-01-16 09:31:09'),(9991,2,34.7,35.21127,'2018-01-16 09:31:09'),(10001,3,0.49,0.51002,'2018-01-16 09:31:09'),(10011,4,11400.6888,12600.7613,'2018-01-16 09:31:09'),(10021,4,11909.56,11896.96,'2018-01-16 09:31:09'),(10031,1,28.45,28.73563,'2018-01-17 12:44:54'),(10041,2,34.7,35.21127,'2018-01-17 12:44:54'),(10051,3,0.49,0.51002,'2018-01-17 12:44:54'),(10061,4,10023.9013,11079.0488,'2018-01-17 12:44:54'),(10071,4,10476.66,10469.3,'2018-01-17 12:44:54'),(10081,1,28.6,28.81844,'2018-01-18 19:11:46'),(10091,2,34.8,35.21127,'2018-01-18 19:11:46'),(10101,3,0.495,0.51501,'2018-01-18 19:11:46'),(10111,4,11093.9089,12261.6887,'2018-01-18 19:11:46'),(10121,4,11655.35,11652.69,'2018-01-18 19:11:46'),(10131,1,28.65,28.90173,'2018-01-20 05:44:03'),(10141,2,35,35.46099,'2018-01-20 05:44:03'),(10151,3,0.495,0.51501,'2018-01-20 05:44:03'),(10161,4,11869.4354,13118.8496,'2018-01-20 05:44:03'),(10171,4,12477.35,12473.31,'2018-01-20 05:44:03'),(10181,1,28.65,28.90173,'2018-01-22 10:03:19'),(10191,2,35,35.46099,'2018-01-22 10:03:19'),(10201,3,0.495,0.51501,'2018-01-22 10:03:19'),(10211,4,11105.7767,12274.8059,'2018-01-22 10:03:19'),(10221,4,11703.71,11699.44,'2018-01-22 10:03:19'),(10231,1,28.6,28.98551,'2018-01-24 05:15:41'),(10241,2,35,35.46099,'2018-01-24 05:15:41'),(10251,3,0.495,0.51501,'2018-01-24 05:15:41'),(10261,4,10097.6141,11160.5209,'2018-01-24 05:15:41'),(10271,4,10625.9,10617.92,'2018-01-24 05:15:41'),(10281,1,28.65,28.98551,'2018-01-24 14:14:06'),(10291,2,35.2,35.71429,'2018-01-24 14:14:06'),(10301,3,0.5,0.52002,'2018-01-24 14:14:06'),(10311,4,10762.1866,11895.0484,'2018-01-24 14:14:06'),(10321,4,11334.29,11322.42,'2018-01-24 14:14:06'),(10331,1,28.65,28.98551,'2018-01-24 15:14:37'),(10341,2,35.2,35.71429,'2018-01-24 15:14:37'),(10351,3,0.5,0.52002,'2018-01-24 15:14:37'),(10361,4,10660.6661,11782.8415,'2018-01-24 15:14:37'),(10371,4,11204.11,11202.67,'2018-01-24 15:14:37'),(10381,1,28.6,28.90173,'2018-01-25 12:54:05'),(10391,2,35.2,35.71429,'2018-01-25 12:54:05'),(10401,3,0.5,0.52002,'2018-01-25 12:54:05'),(10411,4,10488.7541,11592.8335,'2018-01-25 12:54:05'),(10421,4,11119.54,11114.59,'2018-01-25 12:54:05'),(10431,1,28.25,28.57143,'2018-01-26 16:15:43'),(10441,2,35,35.58719,'2018-01-26 16:15:43'),(10451,3,0.495,0.52002,'2018-01-26 16:15:43'),(10461,4,10605.1624,11721.4952,'2018-01-26 16:15:43'),(10471,4,11165.42,11160.47,'2018-01-26 16:15:43'),(10481,1,27.8,28.0112,'2018-01-30 20:44:47'),(10491,2,34.4,34.84321,'2018-01-30 20:44:47'),(10501,3,0.48,0.52002,'2018-01-30 20:44:47'),(10511,4,9614.5142,10626.5684,'2018-01-30 20:44:47'),(10521,4,10113.72,10110.84,'2018-01-30 20:44:47'),(10531,1,27.7,28.0112,'2018-02-02 22:23:45'),(10541,2,34.4,35.21127,'2018-02-02 22:23:45'),(10551,3,0.48,0.52002,'2018-02-02 22:23:45'),(10561,4,8323.3799,9199.5251,'2018-02-02 22:23:45'),(10571,4,8766.09,8762.48,'2018-02-02 22:23:45'),(10581,1,27,27.3224,'2018-02-07 11:49:54'),(10591,2,33.3,33.78378,'2018-02-07 11:49:54'),(10601,3,0.46,0.49,'2018-02-07 11:49:54'),(10611,4,7810.1792,8632.3034,'2018-02-07 11:49:54'),(10621,4,8226.82,8220.66,'2018-02-07 11:49:54'),(10631,1,27.1,27.47253,'2018-02-08 12:52:02'),(10641,2,33.2,33.78378,'2018-02-08 12:52:02'),(10651,3,0.46,0.49,'2018-02-08 12:52:02'),(10661,4,8190.2113,9052.3388,'2018-02-08 12:52:02'),(10671,4,8631.07,8628.64,'2018-02-08 12:52:02'),(10681,1,27,27.39726,'2018-02-09 14:31:18'),(10691,2,33.1,33.67003,'2018-02-09 14:31:18'),(10701,3,0.46,0.49,'2018-02-09 14:31:18'),(10711,4,7954.3679,8791.6697,'2018-02-09 14:31:18'),(10721,4,8382.05,8378.66,'2018-02-09 14:31:18'),(10731,1,26.8,27.24796,'2018-02-16 05:46:29'),(10741,2,33.4,34.01361,'2018-02-16 05:46:29'),(10751,3,0.465,0.49,'2018-02-16 05:46:29'),(10761,4,9625.1257,10638.2969,'2018-02-16 05:46:29'),(10771,4,10147.32,10145.01,'2018-02-16 05:46:29'),(10781,1,26.9,27.24796,'2018-02-16 22:06:14'),(10791,2,33.5,34.12969,'2018-02-16 22:06:14'),(10801,3,0.47,0.5,'2018-02-16 22:06:14'),(10811,4,9564.4801,10571.2675,'2018-02-16 22:06:14'),(10821,4,10069.28,10065.19,'2018-02-16 22:06:14'),(10831,1,26.95,27.3224,'2018-02-19 17:06:23'),(10841,2,33.4,34.12969,'2018-02-19 17:06:23'),(10851,3,0.47,0.5,'2018-02-19 17:06:23'),(10861,4,10480.463,11583.6696,'2018-02-19 17:06:23'),(10871,4,11009.05,11006.66,'2018-02-19 17:06:23'),(10881,1,26.8,27.17391,'2018-02-26 09:58:13'),(10891,2,33,33.55705,'2018-02-26 09:58:13'),(10901,3,0.46,0.5,'2018-02-26 09:58:13'),(10911,4,9019.813,9969.267,'2018-02-26 09:58:13'),(10921,4,9500.4,9500.4,'2018-02-26 09:58:13'),(10931,1,26.75,27.17391,'2018-02-27 13:25:23'),(10941,2,32.9,33.44482,'2018-02-27 13:25:23'),(10951,3,0.47,0.5,'2018-02-27 13:25:23'),(10961,4,10154.284,11223.156,'2018-02-27 13:25:23'),(10971,4,10710.4674246,10710.4674246,'2018-02-27 13:25:23'),(10981,1,26.7,27.02703,'2018-02-28 10:33:39'),(10991,2,32.7,33.22259,'2018-02-28 10:33:39'),(11001,3,0.465,0.49505,'2018-02-28 10:33:39'),(11011,4,10034.6232,11090.8994,'2018-02-28 10:33:39'),(11021,4,10583.22,10583.22,'2018-02-28 10:33:39'),(11031,1,26.7,27.02703,'2018-02-28 11:33:51'),(11041,2,32.7,33.22259,'2018-02-28 11:33:51'),(11051,3,0.465,0.49505,'2018-02-28 11:33:51'),(11061,4,10078.7674,11139.6902,'2018-02-28 11:33:51'),(11071,4,10615.5355555,10615.5355555,'2018-02-28 11:33:51'),(11081,1,26.4,26.73797,'2018-03-02 10:13:37'),(11091,2,32.2,32.78689,'2018-03-02 10:13:37'),(11101,3,0.46,0.4902,'2018-03-02 10:13:37'),(11111,4,10390.8732,11484.6494,'2018-03-02 10:13:37'),(11121,4,10952.97,10952.97,'2018-03-02 10:13:38'),(11131,1,26.35,26.73797,'2018-03-05 21:10:33'),(11141,2,32.4,33.0033,'2018-03-05 21:10:33'),(11151,3,0.45,0.49,'2018-03-05 21:10:33'),(11161,4,10988.3591,12145.0285,'2018-03-05 21:10:33'),(11171,4,11598.56,11598.56,'2018-03-05 21:10:33'),(11181,1,26,26.45503,'2018-03-09 17:06:56'),(11191,2,32.2,32.78689,'2018-03-09 17:06:56'),(11201,3,0.45,0.48008,'2018-03-09 17:06:56'),(11211,4,8319.226,9194.934,'2018-03-09 17:06:56'),(11221,4,8713.83,8713.83,'2018-03-09 17:06:56'),(11231,1,26,26.45503,'2018-03-10 05:48:01'),(11241,2,32.2,32.78689,'2018-03-10 05:48:01'),(11251,3,0.45,0.48008,'2018-03-10 05:48:01'),(11261,4,8858.1504,9790.5872,'2018-03-10 05:48:01'),(11271,4,9343.29,9343.29,'2018-03-10 05:48:01'),(11281,1,25.9,26.31579,'2018-03-12 08:25:16'),(11291,2,32,32.57329,'2018-03-12 08:25:16'),(11301,3,0.45,0.47001,'2018-03-12 08:25:16'),(11311,4,9057.9365,10011.4035,'2018-03-12 08:25:16'),(11321,4,9545.74,9545.74,'2018-03-12 08:25:16'),(11331,1,25.9,26.31579,'2018-03-12 10:07:59'),(11341,2,32,32.57329,'2018-03-12 10:07:59'),(11351,3,0.45,0.47001,'2018-03-12 10:07:59'),(11361,4,9331.1672,10313.3954,'2018-03-12 10:07:59'),(11371,4,9837.53,9837.53,'2018-03-12 10:07:59'),(11381,1,25.8,26.10966,'2018-03-13 09:39:33'),(11391,2,31.8,32.36246,'2018-03-13 09:39:33'),(11401,3,0.445,0.46501,'2018-03-13 09:39:33'),(11411,4,8871.5786,9805.429,'2018-03-13 09:39:33'),(11421,4,9356.1,9356.1,'2018-03-13 09:39:33'),(11431,1,26.3,26.73797,'2018-03-16 16:13:45'),(11441,2,32.3,33.0033,'2018-03-16 16:13:45'),(11451,3,0.455,0.47501,'2018-03-16 16:13:45'),(11461,4,8097.5459,8949.9191,'2018-03-16 16:13:45'),(11471,4,8518.5306224,8518.5306224,'2018-03-16 16:13:45'),(11481,1,26.3,26.73797,'2018-03-16 17:43:34'),(11491,2,32.3,33.0033,'2018-03-16 17:43:34'),(11501,3,0.455,0.47501,'2018-03-16 17:43:34'),(11511,4,8111.3459,8965.1717,'2018-03-16 17:43:34'),(11521,4,8547.78,8547.78,'2018-03-16 17:43:34'),(11531,1,26.3,26.73797,'2018-03-17 10:56:09'),(11541,2,32.3,33.0033,'2018-03-17 10:56:09'),(11551,3,0.455,0.47501,'2018-03-17 10:56:09'),(11561,4,7830.7016,8654.986,'2018-03-17 10:56:09'),(11571,4,8246.4723884,8246.4723884,'2018-03-17 10:56:10'),(11581,1,26.3,26.73797,'2018-03-17 15:35:34'),(11591,2,32.3,33.0033,'2018-03-17 15:35:34'),(11601,3,0.455,0.47501,'2018-03-17 15:35:34'),(11611,4,7497.5817,8286.8009,'2018-03-17 15:35:35'),(11621,4,7899.31,7899.31,'2018-03-17 15:35:35');
/*!40000 ALTER TABLE `rate` ENABLE KEYS */;
UNLOCK TABLES;

--
-- Table structure for table `tax`
--

DROP TABLE IF EXISTS `tax`;
/*!40101 SET @saved_cs_client     = @@character_set_client */;
/*!40101 SET character_set_client = utf8 */;
CREATE TABLE `tax` (
  `id` int(11) NOT NULL AUTO_INCREMENT,
  `sum_hrn` decimal(10,2) NOT NULL,
  `sum_foreign_currency` decimal(10,2) NOT NULL,
  `date` datetime NOT NULL,
  `tax_sum` double NOT NULL,
  `user_id` int(11) DEFAULT NULL,
  `currency_id` int(11) DEFAULT NULL,
  `total_sum_hrn` decimal(10,2) NOT NULL,
  PRIMARY KEY (`id`),
  KEY `IDX_8E81BA76A76ED395` (`user_id`),
  KEY `IDX_8E81BA7638248176` (`currency_id`),
  CONSTRAINT `FK_8E81BA7638248176` FOREIGN KEY (`currency_id`) REFERENCES `currency` (`id`),
  CONSTRAINT `FK_8E81BA76A76ED395` FOREIGN KEY (`user_id`) REFERENCES `user` (`id`)
) ENGINE=InnoDB AUTO_INCREMENT=1182 DEFAULT CHARSET=utf8mb4 COLLATE=utf8mb4_unicode_ci;
/*!40101 SET character_set_client = @saved_cs_client */;

--
-- Dumping data for table `tax`
--

LOCK TABLES `tax` WRITE;
/*!40000 ALTER TABLE `tax` DISABLE KEYS */;
INSERT INTO `tax` VALUES (12,40622.40,1488.00,'1776-07-04 00:00:00',2031.12,22,1,0.00),(22,40622.00,1488.00,'1776-07-04 00:00:00',2031.1,22,1,0.00),(32,123.00,1321.00,'1111-11-11 00:00:00',6.15,42,4,0.00),(42,123.00,1321.00,'2000-11-11 00:00:00',6.15,42,4,0.00),(52,1231.00,11.00,'2000-11-11 00:00:00',61.55,42,4,0.00),(62,123.00,321.00,'0111-11-11 00:00:00',6.15,42,1,0.00),(152,0.00,827.05,'2017-03-14 00:00:00',1112.15762322,52,1,0.00),(162,50000.00,2000.00,'2017-03-30 00:00:00',5204.0107,22,1,104080.21),(202,1488.00,2.00,'2017-03-30 00:00:00',77.1040107,82,1,1542.08),(212,-1.00,0.00,'2017-03-02 00:00:00',-0.05,82,1,-1.00),(232,-1.00,-1.00,'2017-03-02 00:00:00',-1.40903195,82,1,-28.18),(252,0.00,0.00,'2017-03-02 00:00:00',0,82,1,0.00),(262,0.00,-1.00,'2017-03-02 00:00:00',-1.35903195,82,1,-27.18),(272,0.00,-1.00,'2017-03-02 00:00:00',-1.35903195,82,1,-27.18),(282,53190.00,0.00,'2017-03-07 00:00:00',2659.5,3,1,53190.00),(292,28198.00,0.00,'2017-03-03 00:00:00',1409.9,3,1,28198.00),(302,28878.00,0.00,'2017-02-03 00:00:00',1443.9,3,1,28878.00),(342,41105.90,0.00,'2017-03-14 00:00:00',2055.295,52,1,41105.90),(352,33078.03,0.00,'2017-01-13 00:00:00',1653.9015,52,1,33078.03),(362,61854.80,0.00,'2017-01-13 00:00:00',3092.74,52,1,61854.80),(392,41491.91,830.55,'2017-02-07 00:00:00',3206.7486446575,52,1,64134.97),(402,50000.00,1000.00,'2016-12-08 00:00:00',3895.9786,92,2,77919.57),(412,23434.00,83015.00,'2017-03-30 00:00:00',113408.42413025,92,1,2268168.48),(422,50000.00,1000.00,'2017-03-26 00:00:00',3959.22115,92,2,79184.42),(432,27560.00,0.00,'2017-05-05 00:00:00',1378,3,1,27560.00),(442,0.00,846.00,'2017-05-05 00:00:00',1120.3484094,52,1,22406.97),(452,0.00,475.00,'2017-05-05 00:00:00',629.0372275,52,1,12580.74),(462,56240.00,0.00,'2017-05-17 00:00:00',2812,3,1,56240.00),(472,13907.00,0.00,'2017-05-23 00:00:00',695.35,3,1,13907.00),(482,28075.00,0.00,'2017-04-05 00:00:00',1403.75,3,1,28075.00),(492,27789.00,0.00,'2017-06-02 00:00:00',1389.45,3,1,27789.00),(522,53190.00,0.00,'2017-07-31 00:00:00',2659.5,3,1,53190.00),(532,33083.00,0.00,'2017-08-04 00:00:00',1654.15,3,1,33083.00),(572,0.00,500.00,'2017-08-07 00:00:00',646.072325,52,1,12921.45),(582,32186.00,0.00,'2017-09-05 00:00:00',1609.3,3,1,32186.00),(602,25000.00,0.00,'2017-09-05 00:00:00',1250,122,1,25000.00),(612,25000.00,1.00,'2017-09-05 00:00:00',1251.29531245,122,1,25025.91),(622,27000.30,342.10,'2017-09-05 00:00:00',1793.141389145,122,1,35862.83),(721,5374.00,0.00,'2015-11-30 12:46:32',268.7,3,1,5374.00),(731,4270.00,0.00,'2015-12-30 12:47:17',213.5,3,1,4270.00),(741,5401.00,0.00,'2015-10-16 12:49:10',270.05,3,1,5401.00),(751,5411.00,0.00,'2015-11-02 12:50:08',270.55,3,1,5411.00),(761,4500.00,0.00,'2015-11-16 12:51:13',225,3,1,4500.00),(762,4500.00,0.00,'2015-12-18 12:51:51',225,3,1,4500.00),(771,5000.00,0.00,'2016-02-15 12:54:15',250,3,1,5000.00),(781,2960.00,0.00,'2016-02-01 12:54:45',148,3,1,2960.00),(791,7550.00,0.00,'2016-02-29 12:55:02',377.5,3,1,7550.00),(801,7000.00,0.00,'2016-03-21 12:55:22',350,3,1,7000.00),(811,3300.00,0.00,'2016-01-25 12:55:47',165,3,1,3300.00),(821,8056.00,0.00,'2016-03-31 12:56:02',402.8,3,1,8056.00),(831,13696.00,0.00,'2016-04-22 12:57:05',684.8,3,1,13696.00),(841,19469.00,0.00,'2016-06-03 12:58:09',973.45,3,1,19469.00),(851,20580.00,0.00,'2016-08-05 12:59:42',1029,3,1,20580.00),(861,20673.00,0.00,'2016-07-05 13:00:51',1033.65,3,1,20673.00),(871,21217.00,0.00,'2016-09-02 13:01:10',1060.85,3,1,21217.00),(881,13524.00,0.00,'2016-11-09 13:02:13',676.2,3,1,13524.00),(891,26339.00,0.00,'2016-11-04 13:02:29',1316.95,3,1,26339.00),(901,26781.00,0.00,'2016-10-05 13:02:42',1339.05,3,1,26781.00),(911,27323.00,0.00,'2016-12-28 13:03:09',1366.15,3,1,27323.00),(921,28647.00,0.00,'2016-12-05 13:03:27',1432.35,3,1,28647.00),(931,1000.00,654.00,'2017-10-04 14:27:45',1076.3038226,151,2,21526.08),(941,1000.00,1000.00,'2017-07-05 14:28:08',1526.8757,151,2,30537.51),(951,700.00,700.00,'2017-10-04 19:22:04',969.646755,161,1,19392.94),(961,33617.00,0.00,'2017-10-05 11:03:35',1680.85,3,1,33617.00),(971,27602.00,0.00,'2017-07-07 13:03:02',1380.1,3,1,27602.00),(981,34362.00,0.00,'2017-11-06 11:42:57',1718.1,3,1,34362.00),(991,34009.00,0.00,'2017-12-05 09:33:02',1700.45,3,1,34009.00),(1011,1000.00,0.00,'2017-12-26 11:33:32',50,191,1,1000.00),(1021,1000.00,1500.00,'2017-12-27 11:34:05',2145.842525,191,1,42916.85),(1031,3297.00,0.00,'2017-12-27 14:59:13',164.85,3,1,3297.00),(1041,0.00,432.00,'2017-12-22 16:44:26',601.688196,201,1,12033.76),(1051,0.00,405.00,'2018-01-16 19:12:18',578.495196,52,1,11569.90),(1061,11583.00,0.00,'2018-01-17 19:26:15',579.15,52,1,11583.00),(1071,34972.00,0.00,'2018-01-22 14:22:40',1748.6,3,1,34972.00),(1081,0.00,414.00,'2018-02-02 22:24:39',576.8978634,3,1,11537.96),(1091,11455.38,0.00,'2018-02-05 11:53:40',572.769,3,1,11455.38),(1101,122.00,1837.00,'2018-02-05 12:53:56',2567.53371715,211,1,51350.67),(1111,13500.00,0.00,'2018-02-28 10:35:02',675,221,1,13500.00),(1121,0.00,500.00,'2018-02-28 10:35:19',673.704625,221,1,13474.09),(1131,34534.00,0.00,'2018-02-28 10:35:53',1726.7,221,1,34534.00),(1141,23423.00,0.00,'2018-02-28 10:35:58',1171.15,221,1,23423.00),(1151,0.00,1067.00,'2018-02-28 11:28:56',1437.68566975,3,1,28753.71),(1161,28535.00,0.00,'2018-02-28 11:30:21',1426.75,3,1,28535.00),(1171,333.00,0.00,'2018-03-16 16:52:28',16.65,231,1,333.00),(1181,3333.00,3333.00,'2013-03-16 16:52:41',1498.68345,231,1,29973.67);
/*!40000 ALTER TABLE `tax` ENABLE KEYS */;
UNLOCK TABLES;

--
-- Table structure for table `user`
--

DROP TABLE IF EXISTS `user`;
/*!40101 SET @saved_cs_client     = @@character_set_client */;
/*!40101 SET character_set_client = utf8 */;
CREATE TABLE `user` (
  `id` int(11) NOT NULL AUTO_INCREMENT,
  `username` varchar(180) COLLATE utf8mb4_unicode_ci NOT NULL,
  `username_canonical` varchar(180) COLLATE utf8mb4_unicode_ci NOT NULL,
  `email` varchar(180) COLLATE utf8mb4_unicode_ci NOT NULL,
  `email_canonical` varchar(180) COLLATE utf8mb4_unicode_ci NOT NULL,
  `enabled` tinyint(1) NOT NULL,
  `salt` varchar(255) COLLATE utf8mb4_unicode_ci DEFAULT NULL,
  `password` varchar(255) COLLATE utf8mb4_unicode_ci NOT NULL,
  `last_login` datetime DEFAULT NULL,
  `confirmation_token` varchar(180) COLLATE utf8mb4_unicode_ci DEFAULT NULL,
  `password_requested_at` datetime DEFAULT NULL,
  `roles` longtext COLLATE utf8mb4_unicode_ci NOT NULL COMMENT '(DC2Type:array)',
  PRIMARY KEY (`id`),
  UNIQUE KEY `UNIQ_8D93D64992FC23A8` (`username_canonical`),
  UNIQUE KEY `UNIQ_8D93D649A0D96FBF` (`email_canonical`),
  UNIQUE KEY `UNIQ_8D93D649C05FB297` (`confirmation_token`)
) ENGINE=InnoDB AUTO_INCREMENT=232 DEFAULT CHARSET=utf8mb4 COLLATE=utf8mb4_unicode_ci;
/*!40101 SET character_set_client = @saved_cs_client */;

--
-- Dumping data for table `user`
--

LOCK TABLES `user` WRITE;
/*!40000 ALTER TABLE `user` DISABLE KEYS */;
INSERT INTO `user` VALUES (1,'eyxer','eyxer','380957575275@ya.ru','380957575275@ya.ru',1,'H1ogOE6UH9tvYy6.MYKItaxmNVs1EUhhSfmSCPmyLuo','qpR9r4CEpLnvP7RVZK6l8ciwJXkHvJtmjF6y1zscu8vsxwGsWQ6Iw3q77E4XrY/PINMDB8WR7BhynkX/ECzyfg==','2017-02-03 16:04:25',NULL,NULL,'a:0:{}'),(2,'fake','fake','fake@fake.com','fake@fake.com',1,'Lw7O/fPSX4XzeV/RcIHJwP7t9zKqDm5MYAW.aJJ25rQ','NGqYYjNa+AzjzNcQfIZoMMXh9B3l3aFPRE5r7pfPoAYQFTg4o+v/EPnCFsnqvNrqd1ls4mVrTIUHwJaUu9hlew==','2017-02-03 16:05:14',NULL,NULL,'a:0:{}'),(3,'Vladimir','vladimir','fakee@fake.com','fakee@fake.com',1,NULL,'$2y$13$znIDpOKZwfyt99RAb7sBnuGDi.U7GuwAqAVSEICYl1.CUA0L79u3K','2018-03-16 16:51:29',NULL,NULL,'a:0:{}'),(12,'vasia','vasia','qqqwwww@fake.com','qqqwwww@fake.com',1,NULL,'$2y$13$MwyIOQqwLUwIziRNLG6tp.JsfjMPAMbfJceHO0z0Ij4e2RzjVpZLa','2017-03-27 10:55:53',NULL,NULL,'a:0:{}'),(22,'lol_kek_cheburek','lol_kek_cheburek','dima.reutov@gmail.com','dima.reutov@gmail.com',1,NULL,'$2y$13$zg0v1U2hYe2Ov/vIcebclua.AjjUVC2GucXPCauwTSIz7uNeL0N8O','2017-03-30 09:44:07',NULL,NULL,'a:0:{}'),(32,'qqq','qqq','qqq@qqq.com','qqq@qqq.com',1,NULL,'$2y$13$UYpws/oeaC5aAEsqZOMkMuNNFoWqhkRxOVBqSU.l9tVNEEbL6Vtx2','2017-03-27 13:51:45',NULL,NULL,'a:0:{}'),(42,'o291632','o291632','o291632@mvrht.com','o291632@mvrht.com',1,NULL,'$2y$13$7E0oBM99eZeZ5MVfDZc/4eCvHcEM1PjhLI07CYY/EGYCpBm97VLT.','2017-03-27 23:48:30',NULL,NULL,'a:0:{}'),(52,'Negrienko','negrienko','katya@negrienko.com','katya@negrienko.com',1,NULL,'$2y$13$viA/hpNG/szjfTw.Y9YDEOYxgIRFPWaVVcf2jxx/ADd/NyUQnKq5i','2018-01-18 19:11:46',NULL,NULL,'a:0:{}'),(62,'am1k','am1k','123@123.com','123@123.com',1,NULL,'$2y$13$Oo3yT7B27v1VUP22IpsZfeqNiY5upim6VZS13TGMtFMIcOGJlqdiG','2017-03-30 09:50:49',NULL,NULL,'a:0:{}'),(72,'wsdfsdfsdf','wsdfsdfsdf','12312312312@sdf.com','12312312312@sdf.com',1,NULL,'$2y$13$jlcxORCfIEKvDFdta7XFUOhBF.3Sm0Jf15gmXACR.zC5INtP3mfz2','2017-03-30 10:01:46',NULL,NULL,'a:0:{}'),(82,'ceperemoga','ceperemoga','mamark.kar@1.fackme.gq','mamark.kar@1.fackme.gq',1,NULL,'$2y$13$.nI1BIVjvmemf61oWrnezejMnoMaGTjmnKWmC0YcOzW.B/iYTCw/2','2017-03-30 10:22:59',NULL,NULL,'a:0:{}'),(92,'winstonsmith','winstonsmith','winstonsmith.993@gmail.com','winstonsmith.993@gmail.com',1,NULL,'$2y$13$Cwblf/Vt9voxRfNHghSKs.LzEVE0xC5/SOJUD8upBd3Jk4sgB.Bju','2017-05-05 16:11:48',NULL,NULL,'a:0:{}'),(102,'asddasdas','asddasdas','ffffasads@fdasdas.com','ffffasads@fdasdas.com',1,NULL,'$2y$13$cfw06v5jLYpRs/xR8IVASe6ursTposNvr.ZOvrfn1gxCQQTa6Nd7q','2017-08-09 15:48:45',NULL,NULL,'a:0:{}'),(112,'fsd','fsd','test@test.com','test@test.com',1,NULL,'$2y$13$Gwow/qItLMemKM8lH4WCAeU3QFl7r16NxzhFMP7iJU64XpERyydl6','2017-09-05 11:14:16',NULL,NULL,'a:0:{}'),(122,'urmominvader','urmominvader','Poll1968@teleworm.us','poll1968@teleworm.us',1,NULL,'$2y$13$Y48gIBQmn9cyj4LK3jHP/e3ulilY3/JlcYNAS7bFbFmnO0sKZUx9W','2017-09-05 12:23:47',NULL,NULL,'a:0:{}'),(141,'sgsdf','sgsdf','ff@gg.com','ff@gg.com',1,NULL,'$2y$13$Y/1bM1a/Y6JR9wwMQ/aifOEakK0vRP5EL7gLHGzWuviw0bln.ZH.S','2017-10-04 14:26:45',NULL,NULL,'a:0:{}'),(151,'v.bg','v.bg','v.bg@fake.com','v.bg@fake.com',1,NULL,'$2y$13$/r3VbEEkLWfR7xoZw4Q.ROyAAeC2kzEuT1bxDahMBhydFVczVHyvC','2017-10-04 14:27:12',NULL,NULL,'a:0:{}'),(161,'annt','annt','test@ann.com','test@ann.com',1,NULL,'$2y$13$jkeYg.Y2HnFMpG2.BcmP..t.DIgGyJLzpPFROezVvVeaqYYFJfQia','2017-10-04 19:17:54',NULL,NULL,'a:0:{}'),(171,'annte','annte','test11@ann.com','test11@ann.com',1,NULL,'$2y$13$DVmIdc0RyU.JPEm4NkYfJeoMADdaV45FYeWLPZronhbYMqxRFDhNm','2017-10-07 19:45:26',NULL,NULL,'a:0:{}'),(181,'fake2@fake.com','fake2@fake.com','fake2@fake.com','fake2@fake.com',1,NULL,'$2y$13$YYtR24eptH1D7gwwY67BPOGszBCCxFsMWVQzOTVHPQfM66f/BOcD6','2017-12-11 14:38:27',NULL,NULL,'a:0:{}'),(191,'qwe','qwe','qq@qq.qq','qq@qq.qq',1,NULL,'$2y$13$1hv.fjfrs0BVfJ0e7Hvwi.N6zv9rwp.bv1QvnsUyaH0OMlo0XjDY6','2017-12-27 11:32:18',NULL,NULL,'a:0:{}'),(201,'Kate','kate','k@n.com','k@n.com',1,NULL,'$2y$13$TouOxjO93rRmxAbQJlitHOKXc05VISwKPtA2co7Uxf3vx7pWrv.9C','2017-12-27 16:43:58',NULL,NULL,'a:0:{}'),(211,'Ggg','ggg','ggg@ggg.com','ggg@ggg.com',1,NULL,'$2y$13$JnZp8gzLZLmYLEMKnX7z3ekMs225pkwB9RgxKzzUhX6a9KYC7W/dq','2018-02-08 12:52:52',NULL,NULL,'a:0:{}'),(221,'qwerty','qwerty','fake@fakefake.com','fake@fakefake.com',1,NULL,'$2y$13$urOT6mgheNM45YDN6lnvBuIxavSdgO8Yjk/bkCsoxKALa7c3oH5ge','2018-02-28 10:34:03',NULL,NULL,'a:0:{}'),(231,'dima','dima','dima@dima.dima','dima@dima.dima',1,NULL,'$2y$13$emJmy0rXfl8R6KZsNoaJHO8omVwJRwdjuFxc/p//YmZavbs3AmblC','2018-03-16 16:52:14',NULL,NULL,'a:0:{}');
/*!40000 ALTER TABLE `user` ENABLE KEYS */;
UNLOCK TABLES;
/*!40103 SET TIME_ZONE=@OLD_TIME_ZONE */;

/*!40101 SET SQL_MODE=@OLD_SQL_MODE */;
/*!40014 SET FOREIGN_KEY_CHECKS=@OLD_FOREIGN_KEY_CHECKS */;
/*!40014 SET UNIQUE_CHECKS=@OLD_UNIQUE_CHECKS */;
/*!40101 SET CHARACTER_SET_CLIENT=@OLD_CHARACTER_SET_CLIENT */;
/*!40101 SET CHARACTER_SET_RESULTS=@OLD_CHARACTER_SET_RESULTS */;
/*!40101 SET COLLATION_CONNECTION=@OLD_COLLATION_CONNECTION */;
/*!40111 SET SQL_NOTES=@OLD_SQL_NOTES */;

-- Dump completed on 2018-03-18  6:47:15
